39383
25501
8287
28554
8952
38335
35386
10492
2910
31832
1847
7290
34910
25538
14345
13926
30540
33426
39172
343
5122
45368
2567
12252
15782
26806
37099
15123
24067
14351
46904
5353
23041
24441
4258
23068
10646
10419
25011
9661
26229
27373
34421
38932
17780
48537
25198
44324
24236
23194
29587
18195
12321
18980
9956
27648
1020
49170
6996
47281
23798
20925
25911
772
8639
26505
37258
15006
3813
10084
44091
12048
19582
4717
20556
41528
15434
4202
5219
12420
21087
23459
5599
39759
24483
9236
41615
33635
22034
31573
23777
31658
49676
6168
47739
10012
43844
18783
25709
10475
11362
30570
11183
23641
31412
16601
5546
12902
26187
1085
26652
10756
47301
2542
29521
33055
40045
36899
28444
14383
5773
44729
5436
39869
28575
9946
29185
2001
4364
35751
24556
2499
43201
32640
15801
26965
15188
14683
18051
14355
1528
32871
17474
44411
13800
30019
42181
45846
9708
36715
26340
18149
31275
28446
8145
45174
1622
43451
21570
4776
48890
48384
37764
11592
41068
42350
27671
41500
35447
43709
20124
24914
36987
21705
12635
46491
28867
24564
39688
2922
1432
37304
16437
49228
26086
18866
7960
26121
4500
44395
11457
5316
15402
21541
49420
44428
20147
6581
25773
39529
30003
29987
16185
5763
14613
42629
43190
36840
9512
5918
24524
2913
36567
6232
7523
23844
8352
37743
21865
12183
24740
18511
22216
11102
48097
5590
45697
11156
36749
20207
21967
3964
31873
38464
32594
39507
9355
17065
3093
28611
23622
27828
33864
39364
10660
35065
4340
5422
22844
13810
31401
20565
25661
17295
13117
4701
26215
5114
34590
3090
15803
3465
37345
23416
8282
13258
25354
17637
42062
11660
17421
1688
14067
11899
19379
21601
49944
21002
973
5311
3881
17806
8933
10878
8660
20163
8379
37981
13098
2996
5974
15352
22813
33705
37190
2534
2926
36117
46375
1374
35475
33680
43376
656
3869
4490
17445
3483
282
18418
3755
25583
18663
3285
6534
12009
2336
1817
28494
17587
28206
8172
47713
11656
25321
1255
24083
25700
17721
22815
34733
39811
23940
33407
13339
49686
11127
4609
15984
33276
46992
17093
2422
40373
13580
6889
706
40084
151
34881
7672
24073
5955
1304
34477
39299
2059
6042
33898
13801
2298
12471
30524
38392
33784
8581
38819
49336
37732
3077
45994
32848
10379
2789
40275
31776
12260
47255
21860
34432
18201
11715
8879
3805
17621
37246
27113
308
1961
12754
31326
13032
18944
2338
26327
6084
31908
33004
48224
1018
36714
35189
8872
20267
27570
15793
6153
18808
39502
36248
13448
26391
32835
21648
38378
11337
17567
1746
3324
1785
14500
18876
465
49797
11401
26068
27919
3033
16923
9069
22295
44892
47686
19125
10193
6420
15623
9188
37085
3729
24407
16682
3414
8291
20588
299
24752
17049
24878
1648
7556
8902
4794
47697
33039
21043
31382
32002
40428
6403
9893
10550
18581
44844
9987
45151
18100
23091
12284
4151
15171
7039
29482
17353
4363
40964
48285
36429
12223
11029
3177
2900
1135
14080
43176
10289
7362
24274
42292
18050
40743
12448
16976
8390
15182
5340
24698
569
3826
40540
10849
29314
45138
6664
28023
38823
30933
22412
25625
15373
6347
6367
14677
22067
44781
12025
14524
26057
49614
26161
28205
17488
26312
6723
15100
4346
2726
27237
4916
20508
25578
6924
36581
45209
2647
6970
7025
31023
49631
30376
30857
44505
41312
15085
39214
38355
43926
20090
14412
4532
11124
881
16189
5368
17434
47641
6620
1592
48987
27888
21205
49621
37268
27284
36060
33997
606
26828
41646
28804
7205
23059
35217
28328
1757
40783
13167
1223
10873
9805
4289
20483
26607
20478
22757
29535
26418
45729
41100
8403
23618
43099
8025
11388
8678
31233
18157
10955
3493
5818
32832
9314
3127
1839
25569
18306
46310
42145
13173
19847
6959
35995
15113
11188
25940
29972
44596
23548
7382
27127
38574
31491
23496
12951
2304
35021
10537
3684
30209
20402
4098
4329
47921
37516
3516
42418
37909
31655
16882
35404
32338
45883
9490
39021
15129
39862
38219
35379
27999
32795
29410
49904
945
32058
9024
587
7828
968
19626
43601
20127
32725
46
32360
17818
25105
10563
40049
11969
1549
27015
5570
2042
19662
49288
21077
41356
3416
28993
43150
2805
20031
15386
8079
48815
24030
28335
39724
13727
25493
31486
5959
2860
3074
27814
34713
24567
38377
24762
12249
7306
2325
6327
28898
27741
9380
8751
39715
21137
45691
5153
23943
32393
7698
41730
49291
6710
44018
27217
23736
38115
25555
37090
28346
28130
46252
9376
27233
19633
2116
4789
8063
27272
6851
23145
36235
35126
36503
19739
46612
25217
6398
9698
26559
30967
6994
21070
7912
21309
44416
8459
37560
39036
8973
1349
26319
9211
3992
45728
45196
29206
39898
6454
44984
22974
44427
29340
45000
17340
1669
7398
6703
28329
20347
27661
41115
48518
3714
36059
7522
34047
26924
45082
39435
21232
29204
22954
30443
11898
40654
25640
34278
9953
768
29262
39683
11041
39848
41723
16752
33891
1433
20100
27335
35821
18615
9365
17067
49961
34009
10061
9462
3593
21703
14653
9933
49818
26500
16535
14750
47952
25376
3446
6295
15334
19256
36919
25910
12922
10207
1052
12765
8077
16819
2506
3141
9016
28224
31909
39376
40000
33378
14634
4550
5081
39114
15298
5989
2390
29062
35147
25223
21878
46125
14509
42122
48712
7476
9213
3788
26590
38695
26003
11131
23813
42514
31494
32868
46081
4603
28479
10420
37982
40181
47487
26730
29296
18825
15404
32855
2455
17446
30297
40032
31217
3405
4600
6270
17057
49708
13646
9999
10477
12297
1701
25776
13245
18977
33579
42587
39932
43815
21561
20116
48556
8860
47668
28629
47743
19086
14285
40930
35990
44583
32082
1476
9344
45820
14249
37525
46243
27128
47525
47490
11137
1360
11417
8692
40969
28163
9347
26621
4310
17955
20888
11039
26815
40037
1192
47090
47347
5167
7111
12350
18657
24001
17337
3300
21269
42184
10467
17248
10910
22
23256
29483
41888
2243
42393
26074
21856
8362
6800
4552
16931
25686
28039
18975
39744
48566
43347
13503
22641
12413
1574
4235
19281
3195
46776
19404
5341
23428
16789
2528
14110
48565
47278
890
22555
15410
13506
4937
48595
22325
4809
7452
15713
40673
16530
37903
14693
31450
25243
14231
1356
48159
44985
24935
38246
41761
30721
38905
34408
3757
9627
43183
3066
25482
37896
8209
15154
33651
49015
36506
39851
13733
29418
14989
5246
3393
21344
23537
18859
2792
10871
49821
47151
5856
46590
9159
644
19321
6666
45511
43069
8828
7361
7993
41351
24112
39300
6276
23631
13482
23377
5181
7684
35318
12102
39875
33313
22716
14749
42538
12865
40636
16170
11956
12816
3281
36247
14933
8951
44314
45193
48264
9909
46039
35640
18125
2367
23110
44381
19941
4153
20492
6716
49489
5008
45735
24548
27270
1769
4313
623
3198
21945
22275
15155
49931
34438
11233
21163
13067
48823
13385
30525
13719
36002
9949
33840
7528
22575
19421
2461
10050
34100
26344
11075
20503
22042
8820
42659
23919
4273
25844
43469
1238
27867
24976
10691
32261
10429
26343
4593
36376
15981
32475
9937
18011
38967
27051
2857
1543
30902
32732
38131
15002
5779
4905
49718
5216
1183
43647
19525
7472
34573
28148
25062
26125
37898
13358
12496
8596
44979
48153
22651
8778
46980
25393
20745
3513
8137
7953
14029
15785
2181
2160
34562
6536
17719
12209
14267
18902
7814
47553
2147
29964
28789
33423
3708
9623
35234
18458
2493
10431
21353
38753
35905
32879
24151
4164
10026
9064
4159
27667
12187
2671
46180
2872
15289
24293
43024
49040
9590
2386
36131
15307
15078
5710
35091
1021
48433
43611
15468
30935
40297
29649
41499
17627
27641
7464
30609
11640
12086
10998
21916
19915
1529
43881
28072
8398
41426
9201
44301
23287
10220
39643
31519
3376
45354
10048
3124
13860
7830
14273
33293
36353
31712
4459
27637
5404
16072
28908
42734
4909
556
40435
28379
5373
44335
11172
16487
24802
14308
45562
47054
13790
26287
34223
42853
1784
11125
19829
13086
18816
12204
48720
22984
3605
428
46579
25361
11528
27507
47646
32700
6676
47670
23787
11830
6331
36764
35980
22866
13771
18099
6386
13036
45755
35853
33669
15417
29664
6435
16776
6320
4166
31992
36354
10616
27545
1103
5485
13623
39707
13894
22613
18640
25165
18913
36433
17069
8198
16200
10187
35948
46295
39971
30559
6333
15841
110
46571
495
11642
1743
20172
14512
24089
6527
3566
2777
5812
19712
23232
12124
23448
17077
14402
28499
13370
39410
23285
32459
26290
14446
19801
32437
5045
16811
18561
4285
11858
12598
48114
16181
42455
44420
2814
15011
34683
13255
17279
40495
13586
22448
28887
25518
40634
14215
5777
37885
40952
2208
35472
13224
23569
16245
39632
7043
47661
5825
47971
10824
34030
37450
35344
30174
36182
40041
4953
21037
22678
9919
48860
17827
6933
896
36470
49270
1990
15043
17513
9295
15472
6007
16045
27791
46330
34531
18395
17653
2066
7407
22816
49492
15609
16496
26440
22939
12763
529
3415
8684
476
48713
31223
46712
20723
32751
42530
16339
37751
26417
9326
38302
15625
45726
19591
37485
17425
31068
3685
29176
4919
21931
2010
9030
46273
25169
34500
17543
23776
49283
3257
7652
5342
5717
42438
786
29602
5191
21265
17013
20940
11
8752
36463
4427
37177
34777
45393
16011
6142
16066
18098
35175
5734
41082
39701
36966
14797
3384
24547
22272
40516
16654
33337
7272
39877
9333
21209
41197
36453
13776
2591
5951
5257
19983
3274
27861
26480
2906
39574
20003
19817
20720
14428
6797
40340
23361
7580
23385
42156
18899
35185
15754
20572
24511
2408
38329
39860
10226
6255
22838
18941
7914
22112
18775
45497
2157
13975
21958
3121
33353
20403
37746
49752
6655
46366
14192
17395
32598
14949
21405
23847
19474
3392
4509
41062
2912
10629
30763
29467
27826
21277
49623
11711
41982
2358
3540
19874
29398
6184
32580
1794
11298
48580
34316
19928
42880
33062
15531
22686
22787
48432
15291
24528
49810
18834
17838
25366
45815
27984
3317
2891
42781
23099
1570
19716
1292
19343
10345
26081
25861
3553
5981
26519
14088
1626
38620
46225
23293
22924
35536
5004
37708
33162
10546
3870
6196
5723
30715
4361
48500
26934
33616
7545
33332
533
27766
38872
7466
16160
12880
27494
2293
12780
32854
16382
42268
2444
2425
48738
1754
33244
6090
19467
6316
12484
6163
2169
9683
22403
4156
2214
21300
14767
20072
37045
14107
13072
21004
25078
22289
25870
37478
24248
37836
8096
46922
13612
3230
41047
7575
35429
40709
12870
38534
19623
29463
6182
4697
25800
19254
3674
46228
47433
35490
39985
32378
16427
30529
13824
31690
35292
38147
23010
31842
42335
16422
32140
2139
8033
49724
46658
47270
9751
26506
41653
8260
20258
15220
12957
19204
30907
46520
32447
1253
45347
5409
26469
25838
37286
28314
15169
19170
10727
15672
11520
39563
9282
43660
27883
10967
6678
28223
1178
34292
14271
11061
42553
31021
49788
12929
1768
9895
41993
37660
15151
13157
41009
12173
39503
24887
21254
18667
44057
12853
44552
21929
3722
33044
31942
33722
48937
25442
46855
39747
3371
2366
29514
16162
46911
11076
14954
21373
830
1106
11407
12958
1899
14422
4580
48293
6745
32615
28780
16071
1084
22603
38000
38320
22000
19942
6952
40012
13509
3807
40190
1107
44632
32894
29117
23603
12272
21090
9560
9923
4335
32973
1937
47431
24244
36462
26620
44303
23522
5400
20426
15831
4828
15865
5802
16356
26127
14410
6368
6520
11615
22125
17406
23446
5911
27458
13605
10349
14901
23165
38989
5794
10065
40926
3829
4025
1537
20154
8659
48007
40209
12142
42348
5025
10362
49807
26169
46324
5709
32538
3308
15139
22194
27470
38585
20392
21447
39988
2840
34003
38079
35219
34400
30550
5757
43697
16788
33720
45190
27148
21272
10647
34332
35738
14729
6305
11573
36939
15337
45063
13740
1582
17376
29312
11267
16532
15237
8422
33069
17341
7006
8094
7303
34329
4998
13660
29545
21784
40574
10240
34861
16720
28092
38602
34492
22818
32590
48986
31763
45192
44049
20670
20512
36956
27589
40195
14259
1400
16952
42074
9229
35432
47276
44069
37797
37768
25139
41697
5589
25052
16007
30282
18268
30232
35236
21221
31417
38344
26111
12414
30634
24610
15361
4281
37710
26640
37242
6158
11724
27391
7432
2807
8332
17569
18670
17825
32790
37902
49955
4554
9041
41089
395
16439
21952
3952
32182
15375
24934
38472
5426
8978
8603
46104
38566
24281
44171
21893
31180
2833
25431
7683
36906
30743
8619
33316
183
44380
37570
5567
42470
13486
13008
35767
7853
46966
30455
20435
4284
3249
49902
35453
5322
41914
30087
33934
1728
21117
28078
28674
43293
20631
28802
27208
48014
25725
10525
12817
26852
412
35943
16481
3950
34169
38095
43583
31135
36888
27351
26180
4029
13822
35900
36688
22724
22996
4927
48401
12535
8453
19244
18483
26091
12603
9077
33058
38606
38502
9277
17693
2949
46790
31267
4467
38369
4181
37799
31314
34754
31502
25534
27549
48107
14790
29744
39013
34150
16493
18576
38148
31883
10020
9917
8570
4107
36384
43224
6783
390
12002
43693
19813
20633
14835
34980
10450
29781
6127
5250
32362
12963
1598
27780
3579
9662
19826
12237
12287
40769
19217
4185
4105
43275
589
21426
8727
14116
24565
15595
8932
7265
48775
424
3107
31467
11470
49245
5885
2302
36098
11360
12082
3828
36227
6643
638
30713
40958
6634
42136
38902
45407
20659
18795
23495
10677
22343
37967
12718
4460
23422
9483
11889
32422
7457
43801
25360
2880
33431
41695
11766
10855
5467
21062
44856
24541
2903
15122
3069
8533
617
34279
8113
7854
3864
37736
6140
30962
25704
41570
34295
47311
11414
41187
2209
17622
33470
21212
20695
19174
18749
26960
10551
17270
16759
14401
36618
18325
12225
7366
20806
38589
46404
46197
12795
32491
22784
8803
43860
14840
33882
26902
776
11648
35695
14941
9467
47946
29236
49067
5990
39667
23790
28408
26424
787
33770
15235
49093
10555
22601
36251
49144
7837
37651
31435
35588
20338
3447
29448
25275
3681
11250
42200
22609
9791
30760
30995
23949
15408
23236
12475
44664
30268
34215
34958
44826
36733
16409
18407
31855
42496
35633
29136
43282
3510
10630
33070
46424
10875
43294
21924
15790
17250
30979
29885
16329
34319
24071
33555
43880
17324
22489
8913
34367
26644
4512
10958
29729
46746
11786
43370
5594
47634
38858
35689
8153
46286
2330
15437
47790
7344
8945
15022
30020
30207
22970
19473
30878
24729
38322
24758
29796
44262
26373
15330
25296
22701
47142
17194
47324
19440
15626
7902
47086
11399
20436
21226
34735
5804
6519
40637
17005
25335
11410
2363
28521
12069
28838
17745
3150
16732
18577
11556
23912
19388
4328
36734
24951
14094
18512
10573
12668
11066
12932
44861
23182
40278
31846
6657
13303
10911
19501
37179
15744
19415
766
17137
37126
6474
15760
4053
24186
41592
32517
10316
16031
38865
9639
49833
33729
5392
36705
28160
149
40317
23245
40506
6101
15644
10459
16702
32207
17945
13042
18530
12717
11120
25789
3428
6256
41549
10056
36995
17529
28241
37858
2932
15684
25554
19099
10890
21578
31554
49281
3319
20587
4710
4801
38153
24763
12191
48263
5994
33866
255
12246
26701
966
21760
30129
35328
18522
40186
26628
34787
9456
4683
28979
18691
43991
45317
42404
34853
14995
21419
34466
30289
22615
24811
20711
15413
30643
18173
9628
6165
24716
45107
34096
22376
8203
187
33015
20844
46779
42210
36241
20437
12352
9617
22835
9612
28323
36294
34245
25269
5534
603
38121
6235
27998
36119
23124
34631
45619
11814
24846
17638
33023
15665
35752
8130
15845
30341
3825
17824
40092
34463
18702
30514
44080
11491
27729
47547
42172
15241
2716
28656
32802
10161
1040
20978
45841
23977
13649
16848
21018
12515
23785
11394
15764
22491
8873
12966
8488
25813
40026
22596
6321
21206
41229
29671
10280
694
11345
3454
19962
22384
32110
34702
42686
13327
27440
20775
543
18879
32018
32904
19295
6875
34093
45539
2216
37582
41431
20578
42043
9667
29638
47319
29192
3818
14621
45657
28500
15875
15463
16912
24038
7648
2129
26922
31966
41442
5663
4595
18232
24192
37500
48208
17834
24446
2527
34956
12029
18264
32573
20424
26250
7586
17744
29177
6618
30772
30030
32155
46647
6855
9439
45597
46446
23322
29848
47767
21763
27461
11977
3233
11859
39337
24343
31800
1234
15228
8988
2764
19906
41568
40850
31214
25248
21698
10663
22197
47218
1518
1069
988
33726
14284
41440
13270
9458
21288
32644
41186
5202
12376
37541
19027
23716
21494
27970
22313
31765
17961
27543
18023
13332
19176
30532
14649
18294
31187
21676
35810
5815
15673
8051
49467
28242
34834
12644
35823
44060
33601
32493
11611
37809
36386
35992
19976
16509
8554
29959
14626
3537
36134
7649
8148
7803
34204
38146
9428
10720
14930
16849
14487
46414
19692
2097
39319
9554
31594
32315
47371
19257
31160
48180
12507
26405
37964
20687
34055
10703
48421
48601
48341
16987
47683
6578
35368
28253
7446
11149
16595
5713
13159
14303
46387
23221
40042
34637
6546
7602
36415
29462
30386
15720
12914
33543
18417
19761
12371
5492
22767
19727
7729
12046
11046
9725
16878
5317
14685
26574
46672
48001
68
34495
43702
3894
15161
36226
30307
5169
23031
22914
14117
25318
2772
40403
17602
43602
27713
2359
38339
13309
4990
38549
14885
9818
30468
8923
35291
4342
25913
21628
15596
10002
42187
17756
31799
16256
38156
15179
48608
12327
32050
35103
18648
23429
8061
40224
24041
24774
46938
41862
25516
16032
11505
31203
40846
24401
33661
27143
10250
25927
36252
942
15871
28440
20052
42019
11048
36010
39110
34652
48337
45513
43554
13846
21888
43363
7074
10415
8342
31377
21912
41254
4139
5135
31872
46342
24590
18383
11461
10827
25622
11154
29629
37575
48962
11169
20160
18408
49300
33623
29696
13990
15027
32617
48199
24149
35647
44992
21825
28822
11448
23634
37141
12491
14899
70
19356
46024
27644
3183
15607
21850
14337
19353
8772
36636
26488
3366
48776
31109
230
35684
11451
44545
32173
44070
25835
15669
41898
1168
39454
8715
9007
36052
19713
17136
27699
15245
35649
26923
24967
24438
14037
8144
8043
16198
488
13384
25617
16677
26045
10726
35220
32041
14969
21650
2734
29157
40260
32385
31098
17850
45850
24636
28488
15869
25347
22581
5379
38698
27201
46711
25611
11307
42529
44477
17677
4354
36271
11616
2601
41879
42780
32138
17294
47584
32063
41008
18090
48558
48609
24482
24974
5066
46357
45229
5027
13458
17660
21019
42926
9319
11788
7329
49755
14283
36369
14884
3215
20782
9254
49522
38943
399
49542
5247
35500
914
27509
42936
22365
7571
32616
18428
3072
44268
48187
24106
4663
31821
14567
35770
22546
16288
13724
19038
44113
27610
10494
42547
48392
21582
6131
31107
15802
3847
32652
17654
12562
19963
10591
16984
15538
4660
22944
44528
39751
10237
28545
39046
16837
42391
44055
8683
5002
44996
41359
23616
2043
34959
8697
12290
8788
30458
47507
19570
16850
26675
45892
3858
19848
30057
7944
16128
32574
34488
425
47983
10861
38303
27643
19919
48726
20334
12838
4091
15913
9733
17460
33608
17816
26388
35088
40057
12135
41585
18295
11251
16768
16
47797
22141
34919
9341
27552
42175
37481
24844
15646
32152
46560
9316
7024
29055
8970
39210
4350
7846
15600
22040
37846
38364
31475
33676
42831
4171
24272
13419
26763
22752
8019
11888
43547
11493
12621
48837
8125
44083
40334
46981
16564
5039
22446
45864
49852
18033
29831
9115
2686
37367
4488
12045
12055
25429
35608
4887
30853
30175
19394
1121
22878
6737
33490
38390
7939
13882
3927
25805
38120
30664
17884
16379
5465
40881
34629
42576
42682
32836
20879
4608
40627
31527
30607
4173
6956
31507
7332
31539
46809
29007
41976
24325
10535
15340
15174
48055
35839
6611
37026
12063
2754
14493
9765
20706
26130
11283
27172
12872
7661
14403
16870
30293
12283
37377
36656
35591
3523
2347
4852
45306
12432
31874
44229
15065
2464
22072
20175
40833
7779
37094
20777
28433
5991
46097
38903
48473
32074
44981
39196
36114
43301
22973
10538
3490
13501
27841
14918
23987
49017
44815
40909
48310
41643
49266
31549
20441
18140
15696
1671
19608
6298
31692
6155
12289
4734
16875
10762
24847
19317
30116
29961
22242
25577
45572
45711
6082
18092
34378
19538
41742
17251
17705
548
20167
25350
20263
5459
30753
8950
8921
27616
19183
36865
43624
24406
22058
25157
474
39325
22591
29148
49133
9831
4228
31427
36606
852
12697
32172
28568
20791
577
25759
3557
28386
24778
2403
23200
33288
7477
10830
37001
28310
24536
46977
15086
8723
24418
8294
731
13362
30845
17347
23193
20020
9786
28824
41746
46696
24949
48696
16548
30323
41787
35281
30039
16024
24821
1459
15545
11644
18064
16248
22466
19755
30108
18806
27151
4526
45359
4017
16822
37415
27794
44382
45819
49132
2604
46939
11215
5152
37155
30766
25023
26770
42617
21414
47161
39100
22649
37106
12270
25421
10069
8084
2379
40177
5875
27621
11055
19795
45257
5985
32766
43938
19081
32547
8621
16884
36742
36825
27620
29916
30872
4941
42916
45245
7417
40077
21667
25075
42600
36498
36440
938
21767
31616
11117
40349
20296
11021
19348
31905
22669
18466
42196
41751
24258
22794
25605
27181
24331
11418
40172
1402
31429
33088
45772
37939
39518
9576
20672
5720
12426
5410
16323
13994
6976
16289
38626
9519
43662
6396
13423
16332
12560
13862
24435
1393
41847
19896
38018
12900
49222
44543
14825
10080
32357
26950
48447
10460
33606
1682
8330
42363
26162
27064
1584
23032
5351
34806
22902
15366
22743
26627
48050
854
45537
7588
44863
37438
5229
15969
33398
20804
11734
37632
40236
34069
5685
26310
4349
27108
16664
7292
39527
19677
41909
14760
19084
29280
23757
15612
23619
26210
20290
38711
40168
27730
22987
1158
40270
8378
33395
47648
24965
27304
16451
26354
25613
45260
32908
39515
41986
43125
6290
16233
11328
12092
47339
5162
49946
34454
40320
19519
27016
23769
20789
45469
26679
12406
16129
4271
43579
18447
116
37783
26613
3472
20788
6785
4798
37528
22148
11843
46471
7752
45591
1992
32386
42930
11722
47228
43736
34098
14809
20752
18406
9542
580
12769
36404
13440
38897
45069
7096
49292
45829
8288
36973
28517
12158
21474
18346
40322
46386
33137
48074
14845
2742
26271
41189
40936
36641
6499
46486
14948
19136
13744
17935
17491
22331
24490
5737
3332
9800
49430
44299
33128
25323
36468
41185
13492
36214
27851
3814
1216
27340
46671
1424
35753
12509
12755
8254
4637
48154
7480
30762
28367
24983
23511
35454
7229
19389
1868
3433
20280
47442
3929
36425
34177
23115
43941
4380
18075
9965
16083
17027
8559
34324
4963
38474
30161
16499
22825
22740
3587
4714
24185
10972
22110
23324
34708
39548
40371
26663
7996
5817
41456
45897
18548
3201
10541
24225
17243
28616
17753
33938
11996
28541
48871
17952
41652
27653
19157
4732
29326
39195
42794
37466
33003
39012
22592
17342
42811
12964
4893
8132
16887
5890
23441
46307
20731
35224
22328
30437
34296
15833
14375
5310
43259
48990
20905
40432
29422
42485
13365
3702
29193
4047
34082
32953
12478
4315
39187
29958
2141
41984
4443
21044
8073
23711
16022
27350
20370
12184
32038
45397
29252
44710
12107
18259
35305
21881
23398
14902
30938
47835
47374
25175
38642
23874
9358
12126
7421
21008
23435
24122
9187
44230
11577
9346
18190
21624
2723
4913
34132
9337
6887
13007
31622
48351
19310
13238
9425
34493
37649
41637
18848
3109
30149
46049
2704
18377
35198
32411
11546
20830
6197
32945
31413
17774
18116
31302
3061
45415
20868
39940
398
29973
21463
26856
36614
27727
10715
8359
45673
38247
8976
21738
43344
20942
42008
8006
30924
39403
25858
29593
8904
1652
23368
7998
8818
4057
40306
7869
35542
18034
27097
6647
32353
24323
33503
15341
5809
44218
39601
96
4396
28428
7964
41422
19667
48912
24428
44442
45876
14975
43725
35098
11964
15736
23461
17566
25689
13321
18984
40303
13552
39183
4299
32625
41027
33558
7770
20653
22294
17990
34706
28525
7950
15312
35370
22908
19370
1714
24491
41449
10271
18216
7172
25359
5936
11732
34191
38871
9726
12814
13219
30886
18751
39363
23202
26131
36018
10214
15932
11145
33368
13414
10411
17643
49468
30946
10601
48833
43989
18747
19688
13873
6696
49458
14101
37633
34014
21262
42857
20797
13537
43919
20799
24739
2226
38487
24771
6929
8428
9158
21220
26963
28275
3054
26050
37992
16977
4319
7192
17530
7080
16537
36277
26918
33433
48866
37962
27639
18685
45743
4231
20134
29793
35587
44743
2096
3512
26408
36499
20721
9085
49079
11567
23521
45220
40832
2725
32244
8289
11560
35073
46850
25327
16115
16401
35230
1059
40876
30439
2501
1316
19935
7771
22135
27934
46401
18781
14335
32647
12309
48231
23938
33797
29610
2417
23242
22847
17152
30758
31044
13723
35045
1392
17281
9633
38526
41308
15861
42230
16322
16092
37849
13892
40215
6236
32937
3717
34896
24269
11721
11745
6275
49153
40592
45767
24216
5458
25589
46585
31762
31424
43811
21192
17628
28544
35010
4001
29832
13038
6483
12878
45482
14091
97
20630
19362
930
6791
33174
3387
3331
20951
28484
18908
36189
22534
5633
41647
41216
12564
11138
38993
36308
22922
10076
5979
12585
13301
35811
41975
44809
16954
40127
21585
39464
22212
1628
8276
27486
28720
29188
16377
21919
7723
46869
36619
24087
32963
5759
5018
30861
18055
21061
17772
1971
20440
9296
6088
43368
19347
20727
628
45640
24537
4345
15565
43945
33371
28974
25510
8341
44209
37828
8188
14201
31422
21125
22207
13343
6011
33022
7697
20907
43385
23764
27303
5548
15582
18687
30270
26647
26782
26298
20964
20640
28610
261
21305
870
4613
46895
2365
7509
161
21039
16201
29519
498
16999
12105
27878
35627
27241
5366
8825
24851
32669
22964
24657
38500
35625
28085
15507
32212
13369
11429
18066
17283
5188
3765
32127
1281
31851
38925
22031
35149
4407
23078
32206
44828
37760
33992
31656
31354
15451
35445
48491
20389
39069
45293
36845
13493
41026
16832
14662
5907
4679
46497
47550
39792
10075
3878
36983
18398
39880
11800
38882
8814
33195
4777
25170
14451
20233
30262
5026
38179
32060
40364
36300
22860
6872
12139
7241
30824
13896
49169
12930
49789
35675
4973
7681
42397
38746
40591
16355
4279
2920
28311
5859
41619
24602
9387
26669
8812
32923
5279
35508
24620
34436
38160
12669
16372
12573
12850
25978
20829
46914
29191
27453
12081
20380
21483
982
10959
24750
20319
26410
43037
47845
23593
38996
28579
1970
32457
40054
1222
18837
37989
3192
40546
26149
13949
35700
7787
25214
12357
25941
32799
15872
31280
9327
18509
14636
39384
40842
44146
16336
11058
19894
30533
43642
14311
20199
33883
26737
21813
40048
11927
17795
39700
7231
963
44909
33704
22463
26369
31741
27538
7531
30685
27943
21442
2055
26900
18245
22002
31364
20697
15795
1866
7576
40965
32337
8324
12579
32438
32242
17140
44365
19368
19821
13190
20712
33113
5031
23533
44792
25227
1603
14779
19385
44095
36221
19536
22582
20818
24222
12062
15255
12999
41776
17886
43415
9789
21083
17315
37517
42983
4815
10287
29647
21974
10914
13063
48944
3521
32704
1005
10049
760
9230
47783
4080
15222
11334
33157
48623
18131
44725
24145
14213
42545
27364
39209
24956
15571
40690
17183
40717
48611
36480
26084
15936
14288
20137
24239
32970
7991
2442
35994
24471
201
33778
35046
40517
44417
12114
28302
43213
2795
4587
43493
6455
48071
19457
8809
5305
3027
30013
28527
28746
125
44207
38797
1981
46526
28836
46448
11463
24626
12604
34660
1484
46382
8328
46508
44922
20613
21619
36431
16246
41412
36562
980
22760
45734
29153
2015
20794
48444
25907
37891
16801
26263
17661
28009
15864
2691
4619
12119
26456
17223
30243
38257
9721
43016
491
20758
29982
10661
17063
25833
47235
19818
39626
34070
46728
18780
38076
9673
33576
3206
13743
5760
13965
9253
48505
23870
26241
40332
19188
11194
21464
27596
1807
29107
3816
9849
29130
9446
20510
5524
5058
38936
14741
27798
7324
27503
25479
26447
10230
47041
27893
6610
17537
5249
26699
48355
35195
28707
35518
34077
49109
5121
13225
16547
5783
30240
19041
35999
34551
5903
20896
32139
11191
2657
20521
9479
19545
28066
26997
31759
12154
22590
4207
10361
46296
27328
43789
17404
30955
29307
37618
1481
17877
45053
16586
11304
13775
23687
16692
27467
5698
49059
48135
16099
38315
17723
24926
3577
5313
15376
12859
6660
38644
47510
20734
35129
23415
14523
8435
31700
15037
46053
49928
28060
10768
22032
1662
35743
24011
27082
33631
31894
19269
17059
2853
28298
24769
11292
28550
49321
32620
8044
25012
39596
5531
29209
5967
14329
931
41613
17556
35889
26433
32091
31216
25969
6645
36297
39349
44487
27764
21118
26381
24606
28287
2999
37247
21846
39697
47772
6847
39555
47287
48211
23412
18784
9646
9394
7118
36931
35244
6757
40087
9825
43577
37655
4718
6258
9707
44182
17832
26503
19889
46546
24069
39791
39148
1875
13669
46067
5799
36868
47677
24884
35079
12216
43700
36523
4949
7460
48673
24107
21768
5112
43545
30807
9120
10495
45096
8786
40051
21484
12903
4986
11806
23056
32716
43245
9589
25280
1684
13899
33297
17792
47920
46797
11381
4517
29997
16330
4942
45143
34772
32699
44795
34604
44349
24429
17402
26874
21236
44515
26966
18355
5909
7029
40524
17644
18179
25545
545
18677
6852
49722
4742
9874
15743
16596
8263
17154
45906
33435
9792
20121
27801
20931
23111
35193
19811
38973
32861
5987
4774
15004
5263
1828
4527
29100
32914
49455
2312
6421
43713
36896
8170
21333
4261
9455
42337
5603
22589
41616
3742
9002
12042
36215
3893
19586
5215
28281
26451
14396
29527
1187
39888
6829
6017
3583
39282
4915
1431
3678
48165
24721
23885
19323
17647
40253
1931
6194
7349
27159
47283
33075
34646
47243
15527
8675
16829
14174
18432
12790
22486
49518
37215
17210
26383
18893
16388
9591
29815
26579
47120
23763
6149
13439
18562
7935
23106
45921
4392
27011
13
17775
41468
11978
36358
20739
15926
7319
40601
5913
46467
43946
22483
19866
22811
11534
16195
33262
3974
7714
35648
4857
16918
19658
17764
11036
13971
38469
46678
40074
9524
3939
4793
45862
49634
15548
41201
15614
18735
9204
44799
8883
16740
33296
7813
45631
23488
17148
18121
34697
12650
44623
25559
47918
23167
23974
3194
5312
2360
5807
25823
8220
5740
35465
41365
9838
14593
42044
9574
20205
47848
20387
35742
34537
16538
11607
11198
29078
24942
19114
47806
13831
9264
25122
11749
42770
49207
24081
25232
8175
27022
18717
23315
49115
32749
14681
47672
25017
37295
6284
41278
8826
1977
29825
18270
37191
39508
28751
36974
25285
28841
17971
13645
30142
9445
25394
15359
10595
21351
15629
7277
17544
18689
34913
8317
20208
47886
8480
15191
11485
8630
26745
11496
29035
20399
35221
1167
8415
19327
31385
4685
24021
20201
47945
26277
40302
13022
682
10539
28849
9226
11991
41381
44267
19897
10387
18575
24837
24987
33907
30247
10439
27789
48019
3010
7077
40383
941
17082
2248
36066
27574
46426
18127
40404
36327
13868
20696
9317
18738
5222
22457
17168
5365
32696
17135
34145
14389
27412
24079
47682
8351
6252
3455
37675
1789
13770
11854
36284
8917
47274
33782
5845
4622
4772
18450
4495
43867
2252
23364
38212
36857
17715
18276
20966
4322
36254
21992
5645
30018
45031
15678
26326
23403
34141
35044
49240
6574
39606
11396
8824
45191
5275
13863
10394
24416
10114
12316
40792
29088
25357
24773
27928
4849
9401
27763
35926
45655
47758
30189
22378
4447
8742
3473
6338
19793
45500
7520
14862
7582
40666
4737
31710
10204
26356
40086
27710
29919
46009
24285
35673
37718
447
17970
33757
24812
1575
13288
20468
42650
40701
12493
38953
33256
23834
12622
9559
29772
17293
24864
24018
45213
34532
42439
5744
28736
37663
25313
7919
19802
40256
42515
9886
1294
26837
6244
33282
10956
35533
7781
29567
27971
46145
5690
19705
37153
9309
34527
44506
34374
12078
36456
738
15860
38195
13289
26885
9672
34808
25307
29474
10335
13823
3085
25953
5523
10977
39137
20981
2658
7871
22755
14400
6672
3046
33862
15935
11579
31538
24215
41177
3535
9091
14560
21536
19309
32195
42392
37346
7754
12085
48045
21290
6700
4123
33734
42484
27541
12319
25702
33837
1409
5944
29022
377
19258
22206
6867
7269
6975
17389
4192
17487
40816
45057
17453
13969
20914
18654
17667
48184
49111
30144
3067
5811
23945
20983
12140
23572
8764
41397
26990
4902
40094
34976
21151
31219
6479
35037
10272
16082
10847
43203
28286
6186
47354
36901
6413
9307
37927
29227
3468
37038
30067
24709
4940
17428
14773
23849
35935
26595
32815
15477
45984
39216
18164
6535
13527
2407
8695
45018
6448
24366
47315
41433
5434
3397
8462
49868
20524
9908
46094
6595
5655
11798
36640
28863
33020
37668
42207
15574
22966
11778
3774
20867
6052
12639
23671
45797
29350
11027
2513
36576
12267
34978
15824
23703
36390
23487
34484
28973
35428
35371
9866
22379
10886
21376
21575
25047
25396
26034
5127
37131
6518
10234
37157
25336
38879
10186
15187
40545
30131
43689
30581
2114
18592
11240
21932
35655
21683
20232
4918
45688
16199
32150
41525
24465
2186
21174
28775
10980
11773
26411
1194
16650
6955
48759
8338
28209
11900
25058
8160
47994
4178
73
46224
12418
10060
18156
47397
14330
46364
44165
27055
15791
25669
29889
5303
44901
28083
11759
14228
18993
31299
35801
17788
10481
17584
11369
39312
16468
41604
40929
2357
26660
1299
44645
30380
6054
45195
3910
26985
7911
30642
18830
34207
8989
28569
20281
33917
35524
13078
6151
41715
17600
5997
32321
41125
244
8573
22531
13538
8092
38980
18236
44375
11420
28923
30891
8124
40470
18620
14657
16782
6091
11063
17459
38403
6742
14761
22320
874
34479
10343
9996
30939
4757
7212
2587
10257
18112
3751
9196
20921
36477
1605
6747
2176
35947
21718
37973
29530
36807
5307
10615
24291
32993
9556
10606
4881
26168
21664
38629
5858
46736
3645
47069
32114
19899
1115
2921
20709
44476
35681
8611
34182
24768
7624
4814
46693
24469
907
9710
6734
5413
20326
20299
19922
46234
16953
17309
22402
4050
32317
28260
44516
33974
23914
6128
49776
36318
30764
17357
41840
44557
7246
10631
33667
28240
31676
15008
9540
9856
45200
31828
25097
43884
21375
42812
11848
10688
5657
44164
13024
29654
48413
7568
21402
15999
18819
17823
43328
3845
8023
23771
9209
10690
13874
32293
11157
19224
30908
21291
12545
18359
34782
35722
14702
21326
16186
21172
43740
13222
36279
26578
8885
22820
2624
19430
21950
27777
15916
38053
13787
18188
6819
47180
15692
3868
30593
36136
38144
33116
17869
3430
6393
18297
7500
6473
14592
29787
30065
12407
3403
7722
17480
21466
40821
33274
39102
20557
1323
28966
40001
27037
27419
25552
26803
4041
14444
1197
47977
44787
40644
16610
19274
3886
3388
762
39232
30428
3
14542
810
31709
48546
13592
11953
44211
22055
15994
24605
39778
32262
1879
1642
2045
32300
14527
22078
14976
33275
13333
41379
9351
14419
47716
28436
32480
8018
42307
43540
11566
34522
42234
4651
31530
33800
23964
3349
15846
2629
42221
6561
23852
49611
16445
48095
10094
19484
37553
6112
29920
45308
4274
9082
35650
47491
20620
6264
15019
45169
26648
3353
36129
47917
19584
49572
31039
13473
18861
29938
35083
12235
7907
8968
12483
17145
4573
29923
49479
6179
16242
2219
8105
219
6027
1098
12866
44439
11700
48350
23718
6432
9928
9848
3105
13390
17367
12395
33383
17316
12947
346
6446
9611
44390
26274
24643
14447
8875
32926
23782
22439
47088
7955
37814
25451
45609
26612
14847
34817
811
8545
26491
21472
5471
24187
14543
19879
31392
28390
38812
43421
15733
6984
20848
6108
11512
38678
37293
44082
8449
27737
32873
10081
38407
8312
11538
15056
23840
20496
39639
31885
30791
34786
47141
6646
38935
33851
15850
23444
45677
8347
25270
16385
19957
3808
15725
24193
25528
45937
5578
15968
19376
17501
19679
38877
20893
47980
20285
18267
22383
22803
5892
23185
36789
17750
6489
17759
17923
1269
19531
27185
21764
16473
368
28106
28943
6216
11225
46444
12643
45853
3599
12236
29706
17086
24894
10358
23530
43122
16620
41103
21024
21639
6075
51
13924
34762
9552
18293
7900
25692
15436
44213
6808
5209
15164
4872
40312
28113
11259
5699
3205
47684
39579
19805
6109
43716
17685
14166
2473
17639
12305
31677
12470
19460
11164
19566
25804
10829
5163
31361
20579
6348
32677
21028
32915
13547
8588
14959
9031
8548
19191
19375
8783
35462
36461
16319
45223
32592
3286
14511
1824
15787
44736
24577
2816
32431
38280
3948
4422
4129
27863
8995
17562
30890
31190
18227
9315
15879
11234
43975
2475
18718
46241
16225
13295
29851
2930
19112
41816
27981
16043
14098
1295
30999
18343
10374
1277
12928
16157
19940
10401
849
19615
2350
22769
43123
32354
46549
28246
24617
18554
35715
11741
24549
24175
9375
43805
14734
25240
27803
15652
20994
3610
15657
46677
41716
7678
28056
27450
16915
8085
7743
48943
24332
27540
12033
23730
32936
34136
34203
10162
42856
25325
48960
3660
15852
45749
12459
23013
49627
47499
40886
16773
17473
11397
32685
39182
961
20491
1823
23942
15948
34299
47286
18351
33880
29129
25120
40143
45073
48857
48942
23274
26393
14255
35621
26243
45489
2269
3736
11664
24831
11965
36572
46107
2745
14871
23580
18947
35362
41275
30091
1764
13967
16240
23608
47847
10825
25519
17019
31441
7769
46996
22023
18160
17040
17783
44740
17313
24423
6078
28125
46881
34396
9452
9504
28660
9518
49253
44358
9982
6880
11106
47961
3475
32430
10173
20011
8114
444
27320
37556
13053
34889
40093
18828
17375
25676
8320
11009
16449
32551
18504
22690
15147
7875
21652
43807
18632
37257
12799
44669
12770
30968
6831
24571
20409
23060
1226
37027
9929
31955
2537
17749
40708
12400
21668
15873
49341
2728
7164
27156
12203
6702
23136
6523
38496
18887
37283
36479
48397
10165
37452
35151
41133
9137
34333
27894
40274
7881
14921
25090
32066
24464
33193
27010
44898
19769
45020
21626
37562
33777
3083
7372
13948
19088
20531
47279
43110
15213
5623
5796
12881
10427
1599
5051
28606
3944
34825
18161
39956
37244
24886
36103
8767
19345
34393
6470
20738
49831
18485
38205
16008
26481
18251
12320
45632
12380
8106
6442
38763
44613
15648
35677
36650
34939
31576
23152
23815
20902
39305
38707
46863
30901
7965
14934
5337
19458
16746
44412
25306
4876
48896
5349
6900
19596
24676
42235
22079
41109
40211
17571
30960
14326
22246
12599
13346
10388
46618
3981
38558
35923
24136
745
33177
9746
31057
15214
40230
553
25619
10236
39292
39124
8438
29257
46552
46944
19134
19267
11703
48658
37167
13436
3314
6836
8216
16340
38754
48594
49746
33533
35314
7247
19241
29918
29018
19051
40885
37186
8290
40784
30200
43504
5775
22995
33436
10149
4802
12574
10562
14477
16866
16053
27030
9478
36629
28044
15537
3737
44610
4391
44242
47099
27167
44578
17985
40415
8460
6354
20851
21338
472
42007
42492
6813
3306
30651
4715
39251
35634
46768
14167
42938
4194
20501
5715
35503
22942
10241
18785
37112
41876
13027
34211
30098
36430
23911
30985
31786
22386
18559
41694
25364
19240
46245
42814
36668
26897
22083
41326
42827
27002
21418
12067
21328
16116
27008
3945
8618
41804
21323
43381
43185
3252
12144
752
18931
12325
8861
49265
31387
22041
13933
25387
31548
40319
19152
29915
46105
18537
13268
3255
41800
21331
3429
1719
15342
11366
1966
32636
42388
33609
16038
2451
3591
20045
10906
22511
20421
40452
32860
21816
14810
32039
11208
48440
21646
8154
18904
43812
24727
14047
22342
16997
32820
4923
7234
39977
40653
30119
11580
11867
34950
30683
17784
20131
38779
15883
22712
12946
21457
14488
4304
16367
38167
6762
12952
8676
19009
45372
9648
9934
22814
10372
24686
46680
28912
20947
14798
7657
34176
32735
40180
35478
29771
15091
37475
12552
7427
37437
42517
5034
48551
24787
31226
31157
19287
10005
28334
40598
9555
15921
48509
48498
22131
25219
10821
14049
23492
46924
11445
28430
7789
48894
9498
41755
11588
13325
20250
49693
49000
32612
42171
24756
10332
10574
31625
12953
28833
22734
39760
45703
14718
14972
15009
25537
8564
11673
32273
42755
40922
14652
45727
8919
37968
15430
5791
26042
42185
26242
17436
14642
17819
26143
27415
23043
7536
3181
42289
29913
26693
25604
25616
23092
32248
39191
13239
5830
12965
1338
18523
30671
21260
559
16913
28200
17710
478
35513
37084
30373
2348
22750
49924
13496
10160
24968
45907
14119
42238
41434
33857
31702
13798
42505
30302
9164
33242
33626
39810
48163
3350
2213
27736
19047
31072
42329
179
1900
8652
27880
37012
10072
19226
36936
23568
31125
23542
33744
11597
7827
42946
2667
36771
6771
9373
30871
15225
2801
34878
21388
20875
15202
4749
29969
22410
18607
13028
33540
32295
13452
22513
25329
6882
18082
12266
27490
31011
4981
15580
28146
22602
513
24835
44938
29767
33779
9847
46017
45627
43770
17405
40229
15125
5755
49680
3761
15811
23982
21076
24566
620
28661
25890
26144
3768
16833
32352
23512
6669
48918
16599
38470
37078
8123
8518
27733
18845
41900
41736
10028
14278
20282
21880
48599
4062
37954
49213
29486
22585
39916
22608
205
29181
18247
12809
31003
9352
13100
1150
16021
6960
3357
1162
9015
15915
33173
7470
21403
34267
20109
38441
6822
21123
1681
32692
18193
17972
21310
29320
2237
36021
17456
34120
45792
11460
20801
33751
27983
33740
34654
43076
15757
17918
38463
24772
46356
12667
12793
49255
22084
8550
45345
2821
13613
13629
33781
49884
29765
3338
16492
19700
33940
32105
1347
14974
32144
12837
44284
35628
46933
17573
49887
16902
20708
10800
8027
20378
18255
10284
23479
83
28582
9645
48267
2929
21438
32048
45167
17555
11532
21142
10211
49440
16376
24632
22374
4932
25368
31243
34139
48603
4568
26240
31858
23562
40590
39885
7115
37125
2804
18411
2632
29662
23588
32851
4686
19493
34534
15748
19524
37035
31627
35954
42453
38308
27879
47429
10169
34596
5165
17994
22306
27438
11129
15057
28963
18071
21294
30002
29178
24207
33424
39721
17767
26543
13133
37204
13052
49947
27045
582
16780
35330
7346
9234
4838
5328
13243
35484
38628
20123
2849
38180
46279
45968
19589
773
22885
26537
36765
38188
43535
11468
32976
11342
21134
20936
16684
42109
12989
2161
9865
4618
32606
27629
5145
17811
17741
23100
25567
14237
659
28214
22392
7323
36518
30001
12384
34905
42994
45088
34656
10778
27988
13187
14197
43730
749
35888
31334
48130
940
39169
37463
21181
41792
14692
37166
1435
764
30286
13710
512
12749
29624
17798
26817
44715
29804
49137
40011
25324
6774
40564
691
26672
14486
1843
17351
39288
42220
33085
29225
9388
20908
48036
40329
34816
21478
35326
33144
12495
17064
14757
4081
20561
32555
22020
2855
49074
38717
24996
24076
3884
26255
25768
36938
31017
7093
34226
38019
3919
24583
23621
11431
26082
7710
34273
48455
21832
7009
20759
35881
11514
27504
18405
1152
6089
12314
43529
43038
39694
18538
20870
11297
1033
27057
13272
38663
44329
29400
30568
20894
10188
27734
1700
26566
8252
39382
7877
36351
38515
2000
12088
6957
3096
32946
33668
48452
30800
43078
13388
28996
7918
24288
21937
10327
36755
21233
41622
47820
24065
9864
35066
15522
24029
36219
45584
43193
13647
44766
41251
42864
7888
33904
13560
29928
19966
21073
28435
3226
5942
16161
10342
14148
1538
13160
12301
19101
27598
22599
33273
24810
33822
12492
33884
30436
23586
842
35336
42987
12864
7310
18124
34411
26843
7431
47580
21915
21972
24232
43950
38539
25668
35031
40374
31896
40888
35410
41684
14770
7800
35133
16444
33494
44345
3369
1548
3088
8382
26697
44639
12974
46127
7044
22460
39323
4021
23096
32073
10507
5636
25303
32822
20049
47366
17338
27319
34209
4885
38314
9048
5271
32960
32135
4846
43272
22492
12273
34007
12835
9509
1886
20487
21989
16825
3705
15110
10760
22221
39649
236
3897
26766
11097
1003
24499
25867
37778
4597
11320
33221
10292
48723
39602
22033
49463
5820
10392
39868
33233
6531
15730
18118
34041
37719
6269
20251
34657
20658
19366
41472
39022
25254
37199
34138
32088
33290
22547
5703
27991
24295
42435
27215
46168
3723
26944
29715
3453
36062
35936
30850
19426
28079
43057
23104
1524
12258
10963
37472
24210
43325
28944
35988
18982
196
44850
6319
24460
7962
42396
3243
26584
41071
397
46582
20028
8633
27948
2851
38358
13459
28769
15311
7415
19726
134
1477
10320
43783
25111
11717
39570
20407
836
23598
38368
37998
41208
28737
49434
14814
36482
17575
49646
18234
46070
49220
48906
33086
30059
26179
34413
20728
19163
6539
15633
11626
32865
6943
34433
16674
13495
27263
8237
38864
17213
47638
8769
29161
20422
47571
25627
19796
19145
3862
39955
9614
42874
25020
32966
11992
3364
24815
35382
8546
49882
6322
49393
16818
10441
12245
22233
25779
7885
13330
26650
47914
33521
2191
35369
9293
27294
7555
38929
20485
38859
42981
46451
22892
49828
7315
12149
22727
44232
37758
35734
17214
10270
36049
38163
9130
24409
37625
38699
48978
43032
41739
13648
10083
32642
46854
35109
49794
3935
2635
20279
14386
17581
20040
33232
40845
45112
46018
41128
49172
33776
12177
27358
44047
15822
38714
44960
28823
44039
44436
38007
15598
19737
20884
34216
25310
30027
33956
12556
33397
4753
21132
39351
11762
20563
36779
29540
799
13070
37020
23932
18046
22478
1957
126
1617
36951
5069
15666
44521
7899
21990
23803
15459
22704
21121
16710
455
26724
2788
28487
37046
13811
1661
22929
47874
23273
35672
39910
36343
22692
41403
2981
3029
33057
887
32840
26591
8994
4133
15251
43915
15070
21847
10548
12626
35339
41735
39419
49685
20919
46646
41083
24689
571
6337
48957
35288
13023
37465
45346
6095
41411
22883
43187
35996
40633
47457
43468
5099
16173
6659
13615
20562
46699
48065
14007
19873
9608
10185
43157
46879
22185
46961
42966
21562
44028
13380
12766
31707
2883
7891
17930
42658
26379
5358
23796
14778
44327
20173
46589
32490
47390
19159
16621
4944
49378
33210
17876
20574
14492
8785
473
8374
20171
40538
8456
8469
20161
33516
721
24641
12634
49360
13116
41491
13736
32271
15931
37077
44214
4348
8512
36530
19968
1447
26755
48841
32731
40386
10014
28166
34927
45274
26634
177
39153
13617
22992
5748
43437
15017
7840
7462
39702
36101
41107
36813
40557
13729
42095
3142
40397
25379
47034
2195
10444
21618
40489
9788
29104
12165
30693
17237
19100
29095
38688
23121
35240
41384
12080
36432
15026
30846
15990
10206
36154
36417
10102
6029
15448
16563
14614
5438
24755
11801
22631
9515
42195
2610
9177
8241
22805
32708
1737
8926
19836
20862
32918
38790
22218
29524
7860
8000
21321
10260
14083
22181
2331
1552
23039
27356
4756
35188
15828
8354
45694
38114
11235
15338
33749
19006
28992
25287
45454
31585
5554
48075
44720
18303
25311
49238
14180
4689
8796
6000
9784
28071
27182
36110
21874
24498
44127
22004
5529
22315
8200
47134
13163
45486
4087
12852
20269
15855
11248
10400
9924
29332
24550
9329
19850
49861
8964
45351
33032
43904
13220
9168
10433
26172
39072
29218
15637
46333
17574
10337
15800
2007
26722
29933
24155
2744
9794
5891
34942
26486
41272
15087
2051
46913
23600
15767
7388
14055
33017
46158
47103
46238
9093
45011
30187
28396
34036
8575
47699
14385
46921
26160
6833
26400
36520
26448
789
43450
13021
35208
13253
16858
14342
4292
27210
34800
11531
6311
14961
8117
40861
27633
20820
22856
8689
40187
44699
16389
12623
16602
18231
22120
40572
14800
19025
1239
10398
39375
36027
38731
13057
24439
21941
48023
31756
5157
49470
6838
28962
23356
777
6378
5285
45682
45809
28866
2602
19974
3345
3020
12923
12975
16103
26059
29790
43640
28239
1987
26108
8634
12559
30463
10789
2236
19129
35559
1608
32444
20004
23427
14513
16911
40981
44050
8625
20311
38648
45153
43657
9073
19788
25999
33642
18612
23668
7377
13761
46184
1257
24479
48256
24973
47616
8937
10544
35727
45971
36732
28539
8213
44788
3081
3905
19290
16135
14751
22293
44491
25145
10265
6560
47568
27500
32285
18829
13194
13084
779
41629
27122
4118
6741
43355
5431
32503
22162
13020
7956
48427
40877
4516
38311
21592
45201
15628
27554
22013
49980
22045
20523
40173
35970
38875
27477
33652
46002
41885
34564
16678
21100
20006
43537
27337
11238
22635
21938
1555
3664
47922
23602
46201
42016
33728
8054
36485
17285
3131
20569
12019
42255
37281
8646
875
26834
21714
19839
31590
21552
29279
7412
25099
16090
48688
15974
30748
46485
13794
37088
1656
12688
49952
13768
18393
33855
27954
24298
14743
23783
18028
1665
14141
48812
20783
27605
2050
8380
8178
46183
1790
19972
8916
30905
2315
35228
32658
24931
19487
27025
14068
6190
21445
27292
1897
8858
21334
46066
37624
2956
12166
12973
16050
26307
22205
19068
22789
13391
43800
14260
10242
1610
31790
33467
16973
42481
30185
16208
2895
20385
30701
18182
260
2029
20924
20107
18513
33984
8481
16608
24345
23697
4157
26285
40993
3976
22745
46152
34431
5925
7067
13077
49659
35451
23192
5617
4170
39757
36730
15895
9042
10091
15250
27704
6842
16522
5223
23630
26419
32418
33844
30843
35531
49177
9106
34633
10898
13405
36663
31988
2669
13491
47710
21731
25422
1994
2760
36628
38668
39381
18018
46889
7767
19820
8601
28057
21266
3727
13929
22038
21267
15567
25116
10636
36471
35377
45269
34621
30910
42406
9973
45668
22249
21547
4559
9238
43666
32350
933
3492
17559
13061
15847
45901
46007
47471
13250
43930
15302
24618
17738
36158
16281
7060
46794
18948
21995
8416
32398
33990
17174
38370
10359
5855
9492
46562
21109
37843
37138
5071
36672
12670
9493
40834
26756
6070
35413
15934
13438
44012
1286
22654
23437
12589
10104
25735
1205
9550
11934
23191
12889
28526
12836
43606
29207
26080
10823
14525
3667
7369
38116
31613
28136
8877
30257
2120
24807
32023
43633
39445
30216
9815
30029
22786
31806
13963
29322
44566
20115
16966
49016
4991
35552
2660
31990
877
14799
12738
3410
34194
34751
38847
15589
29239
8194
33199
16216
35306
46531
3585
16500
8091
11647
32679
17182
17599
11545
12857
13848
15069
7262
20810
44755
21787
10807
11247
33216
36408
6262
44062
39605
23778
30275
32466
28618
40773
39233
13487
42431
44374
15319
48687
12210
41180
3815
23381
11872
15422
10448
12924
20288
22061
40698
5300
20548
34301
13403
2170
36160
48531
24121
12575
28592
10992
3204
34050
43701
6291
41687
28337
23406
47660
22305
14596
24364
32539
31356
45276
49465
9718
22357
15878
16964
40852
17215
38761
42059
2580
38655
15029
16467
8990
44347
19577
11918
8714
24129
5101
26182
22891
24455
360
6469
41979
41732
27882
40870
1630
47469
37321
9520
5795
42793
44332
12992
18146
30163
2300
31769
12230
7492
35799
35408
30389
34636
41243
35739
25187
25697
405
14430
16230
41752
14807
24650
38310
29215
32094
33745
49613
38782
20315
9773
27432
8427
29275
16074
10095
38661
8864
15706
44169
26631
36389
47934
41738
42346
43001
4866
13632
4327
4695
24283
47418
19496
40949
23836
21910
12326
47582
46596
45294
28384
28054
16962
32494
24505
14971
12855
24792
48971
16156
25769
48752
31860
33031
9817
3026
29875
14010
34205
8679
26238
11189
45268
6969
23189
18415
14074
49774
45592
14073
45551
6841
23632
16764
45818
17532
31738
8307
18942
27402
32513
11064
28560
17085
26030
28984
47642
6935
47351
11823
29936
784
29704
2384
20144
8349
15385
28675
24367
12469
23405
10588
33386
49737
22683
45556
37079
5933
30769
9974
34274
32949
29419
37354
10793
43885
44481
43879
22645
14182
4551
14821
34099
2870
13992
34860
8834
45385
45798
33849
18123
16365
24254
7849
15956
2928
31092
2445
10464
37613
22017
25566
33451
16055
45098
21017
23552
9431
25780
33
19510
12071
8993
24064
31035
43324
8606
31673
18498
995
4818
4874
7946
20835
28859
45332
20980
39417
4358
49770
37227
38764
35050
28765
34822
1912
2943
23767
2223
49636
20944
15973
7338
160
19592
11376
42595
19331
45282
32823
17842
26476
42498
19185
15093
1964
19401
31273
8464
10678
16064
12594
48111
31607
45700
25954
22618
49865
19028
44533
22694
746
40061
31599
19607
18409
35878
25066
36907
49402
40727
17606
14100
49225
10790
32164
33632
44864
25448
33929
6846
35102
15766
2343
13265
23345
8007
30768
19314
25449
5330
2637
44101
27799
2235
39595
29186
34390
44036
16094
22907
35316
17716
7589
40761
36758
13069
24696
23002
4052
10883
45602
8069
26062
37876
17352
24538
26611
39192
1573
11316
39119
3873
19352
16666
21826
3264
21487
10122
10380
10605
48031
20566
45510
24776
14522
41704
7689
4566
21059
49610
37459
2820
8591
15594
30724
34922
32721
27739
46253
44538
39025
22817
6036
39320
3115
40875
48792
7411
471
14503
32120
20786
43790
1926
37148
12818
35502
31185
23154
9046
47147
258
5186
39960
23332
1420
22888
29974
5541
29896
44272
14360
12565
16592
37120
19265
3562
31239
47452
24817
19498
21745
38038
22124
31172
14123
40536
10819
13808
15346
10680
20719
42343
4257
10679
40413
22983
33567
7805
7264
31734
40307
41469
14833
25848
36735
19901
33545
24368
13532
16298
45173
29447
3378
17297
7796
39913
18591
9140
34309
12181
45263
21380
4835
14926
4201
12646
10213
31979
15264
34689
41372
36543
26460
37817
6248
16174
37183
15088
11389
35779
45502
42949
31075
48881
1814
10286
47650
9343
5520
10279
4751
17264
6292
1502
9421
13720
39045
18437
12051
24023
17697
6228
47154
3005
226
21550
41430
20766
36151
8789
18770
13857
7350
48717
14354
665
2901
39784
17385
6185
10336
14336
13049
31724
22145
8253
20560
33591
48708
6921
22247
22573
15965
24891
19205
32448
4954
35341
45215
2802
47846
38337
39262
7395
27546
33958
14510
11464
8280
38957
16590
38856
26853
45017
29382
4642
18419
20669
12201
12652
27322
46487
3782
20196
5107
14986
21757
5273
40232
46662
8248
16219
40907
36922
9884
42035
45774
33617
35663
47027
11244
7511
28225
48072
28857
44407
10311
39213
29528
46015
12433
26017
13006
15649
37873
35043
10267
9092
12001
23802
33380
32427
49793
39201
20415
26557
12828
25087
48483
39739
18641
36126
32591
48824
18790
29791
23867
49919
7587
33255
34550
25245
42319
634
29970
46399
34611
48989
11808
39174
33457
48191
3009
29164
49249
34883
25438
28196
5272
39644
41608
26760
855
6825
28506
13795
1483
32233
27184
20999
15489
6740
29357
30680
15108
23004
10772
18332
1741
42049
11109
47830
24850
19066
13515
1041
36168
37314
42675
46083
10673
8083
21994
38151
25808
16853
25371
12268
49086
47043
1063
40483
25695
999
27650
17998
26347
17398
33987
21554
36310
29879
43390
38035
22593
7574
270
11016
40448
38778
4018
35624
30048
18754
4011
17867
35607
16681
28665
13571
28181
29438
35959
32325
25920
3272
20843
40616
21014
21173
35977
19938
46469
21660
16623
42685
40512
4845
10624
8711
34626
38011
30477
27077
12227
10042
48316
29138
18549
10542
6712
43741
35837
28508
37205
48604
10642
41190
15911
14838
15761
16946
40992
12087
19920
14480
10363
49250
37673
18002
43225
1000
31685
5937
43877
3437
28563
42267
8212
28522
19308
5923
48335
41845
16577
42121
28216
33220
36208
30201
43706
16658
20238
8996
48412
7222
6286
23067
17068
43854
49549
48743
21261
23916
4896
18340
16418
19629
13888
9468
11096
25785
4530
754
33989
30324
16552
24432
13672
17863
26740
5673
39161
12583
19179
26113
35176
4100
9797
33805
41552
46822
2523
37956
20464
22064
49730
11677
29911
29242
17392
4645
4465
1619
4855
35055
18997
44086
5494
765
24157
29630
31642
30490
3764
36048
19071
11581
7983
22882
22832
25584
20120
3634
35910
13699
44997
7608
43409
11416
4678
11402
31319
32224
32289
27502
27267
16001
32121
1878
23928
33411
7214
43339
13901
14281
12224
38388
46755
26857
40458
6944
7223
15005
1087
1758
25818
16244
27363
12447
49143
46186
40641
14612
18642
38769
42246
22107
11462
28153
25213
23083
28464
15702
15471
20314
16897
14763
29591
12723
10128
22411
48347
25873
7765
7187
21510
30988
27855
31168
11278
22733
13850
4451
25511
11986
21907
8608
5522
12592
19923
11746
5198
35512
12095
16396
40753
19926
40950
22945
42533
8135
10356
2746
14464
10810
43240
47519
40826
8210
3424
33448
34634
34801
44652
7831
12023
49025
12231
13655
20650
48636
22889
3871
31355
36313
26568
38460
46856
19164
33336
45238
17733
16975
25682
23978
27785
26455
36536
44117
22213
14671
42786
43985
2719
28968
32160
41733
41505
35600
29011
36004
11820
37922
32872
9527
26200
17044
21176
26016
10469
27860
19118
910
48298
39497
9012
7117
5084
49287
30686
12299
37418
5863
22424
40752
20996
47603
45348
28854
3876
6443
13161
19619
20984
13747
13845
43161
26919
5718
14362
20606
13103
10949
35032
5497
31508
25623
40447
21594
14910
13136
33894
27529
29067
22594
35785
4994
23877
19781
7961
44032
24172
12253
38557
47997
49513
34612
49364
1692
19418
40724
44174
36773
16308
15335
42374
3450
16405
19092
13378
32543
22559
3957
40040
7896
48513
11713
14452
33187
34071
44216
36050
9399
28538
18477
24135
44404
10987
49297
14239
6405
46576
28497
49997
36697
40267
42371
14955
7622
13607
13174
49854
41269
10137
11764
47214
1334
35294
48915
18965
12649
39392
43166
9777
41972
46983
23587
37966
6359
32564
339
23119
34554
25155
26231
12696
31775
7298
29893
30714
20802
29657
11570
14369
7150
41980
7569
41542
12274
2945
14328
17435
46211
42934
14792
46845
39917
19774
13307
47403
43968
21461
44197
4085
172
40504
31830
39981
1739
99
13701
42107
17597
24458
22674
15232
14356
21502
30776
708
44673
31578
37776
7501
19168
18921
3525
44308
41428
30649
25828
384
16513
30358
6639
24794
11681
12185
19522
17841
22566
13993
17498
6339
8032
45181
45653
23388
15047
21681
40529
9720
19268
48654
18757
25615
34287
5194
13015
8513
27212
44824
46874
38428
13462
13551
17979
19751
24672
23062
1240
37158
40091
1888
4116
25936
35800
11599
4211
49160
26363
24153
26920
3527
13791
48773
19216
4353
23
21844
28101
47326
32727
20604
15189
46942
18132
18410
15263
34698
27941
26332
38208
47445
24004
14279
1813
10725
19030
4429
14494
29338
33412
19411
944
29725
45992
27695
29518
9962
26070
37039
21982
2264
45008
20418
13805
37840
20086
5085
22538
10156
23735
10088
32389
46875
16222
42356
31533
23553
15131
24741
5383
26114
27252
11670
39712
32330
15896
30830
4366
41966
37587
29934
31032
22738
26329
13119
40987
5847
20365
3507
24746
9420
13351
24373
35957
26159
9076
35772
3934
43603
37312
7833
23505
23206
22399
13809
12985
24408
826
3052
4601
43152
36172
25316
37996
44991
3056
20934
15717
17560
25218
27338
24105
20746
40713
12505
22782
13838
26703
4045
18943
7503
37489
42448
27569
41213
20377
528
14863
45757
40630
17735
27079
40014
13166
23053
4232
22407
7251
40023
39821
44033
19251
2995
35290
15279
36849
7836
11758
40200
22688
2581
49608
30815
27551
29626
7058
10233
6373
38468
17411
28190
8947
10517
41664
33501
21180
12385
45302
43910
41058
49909
18143
9867
11180
6868
43939
24677
38363
967
31229
8576
31231
37267
40271
49105
48702
11469
22915
6003
13500
3772
21677
13802
17195
13341
6198
44234
13240
49487
44676
43258
15643
7818
15309
26823
39146
23158
17852
37449
23181
22214
5505
28905
24656
19076
12008
47334
37695
11015
35345
14270
17050
24587
13433
5238
18061
26507
38693
27631
26137
4720
8041
2679
15812
26748
29561
22723
12548
35998
14673
35729
5155
19752
24390
4854
27120
37869
33304
14630
34975
3600
2566
46389
23862
11575
21244
24386
28792
41683
43483
38747
31559
32805
41485
25636
4708
44162
16944
44819
18460
25428
7011
8136
28221
24372
19040
11260
15566
14942
5265
38274
15242
16860
35643
24648
2155
18036
19610
40939
6612
21868
26492
45538
35929
17926
33138
10916
7763
21834
661
33831
49322
35427
17467
28026
31831
30375
22198
46925
17115
36399
41520
2234
48897
14466
6077
19881
14843
22405
17882
44353
35062
41514
47309
40393
23372
20654
19054
37607
23792
32098
15168
47588
15391
39743
4242
10262
42635
41686
21835
27325
17305
18817
42297
29541
12949
22326
17725
21758
1565
17209
48402
12344
17963
36388
49179
34439
21456
11236
37711
44517
34283
2447
38454
24040
6468
30420
24777
32425
26118
1105
31462
47021
198
2625
32291
20488
18252
16368
40720
40120
29569
6621
31761
33002
10120
5659
17091
36851
5441
40767
19587
14623
31029
17712
26941
2332
29297
11550
28424
19823
39471
36952
20506
25400
7761
25846
28423
32208
4515
24294
16383
31439
40970
20164
48426
7116
5496
15518
41991
18986
27112
48364
3642
4142
30889
37426
31941
38383
49881
16649
38798
12330
16707
7070
7665
41171
37701
6383
6188
35819
37750
6649
32651
42995
27886
26988
9652
1654
9700
11269
28119
267
769
10017
37253
31472
10285
31397
4247
295
22542
49599
3423
12760
6064
28639
10146
31052
1453
10244
33223
27812
41719
7311
5784
13962
15221
29308
34696
1870
4286
29168
36412
1256
35546
9979
2850
20836
31660
46076
26306
15133
12028
7925
11675
42779
33820
43664
40183
23691
4160
33126
46119
39128
13826
1942
15695
49954
9989
19989
24141
7544
34736
15632
44056
37934
5539
37630
48028
39198
3298
16709
13548
33121
1387
25728
17655
8184
37921
7825
7936
20458
42413
3180
28960
13785
27166
47367
33281
44500
15465
12591
10863
23423
14668
30927
12131
11971
32219
43628
16857
7726
7141
9336
41297
10183
45930
863
19079
7016
2130
29839
40255
42015
39668
28888
47209
40765
42607
30491
13793
45518
5354
14854
25726
5619
40006
30052
11661
23804
19034
42002
30457
15900
11527
48087
182
16669
16886
46305
13709
45014
11998
3715
2964
15473
47139
10668
37471
39159
12281
31465
10201
17577
12672
27221
16271
9378
26532
7379
11501
10368
10632
48247
12920
35525
48649
47974
20130
16785
19984
29023
24869
15007
39414
16154
41554
10295
24320
3153
3007
17139
25607
8228
17097
25932
5451
1836
44962
39040
29612
42678
18328
28469
17245
48148
38922
48410
17519
8021
6594
32062
32705
46764
12000
39557
24500
14752
23853
5309
10981
25042
38614
25716
36594
33387
47194
28165
2939
47053
21281
45417
13638
14635
39592
10509
18423
23247
34739
42180
17266
26936
40594
37754
5375
15972
10004
31847
3025
34449
43779
25092
10107
17479
40244
25896
13146
28324
41219
8521
8492
40710
28721
44154
2879
49847
15067
40421
23390
36435
7625
40656
2548
25802
2885
8364
11471
19683
13361
40016
24660
22812
38137
40389
23213
32711
47004
8558
5572
30511
18582
16796
28478
39775
46165
2420
22477
15562
373
3143
18349
16969
27047
40410
31000
48728
21960
1893
13372
1736
48839
37781
19142
30299
44522
32124
48321
14317
153
49063
2919
37142
6736
40184
9181
38966
35165
20211
20880
38191
11258
4393
44724
14044
20949
25724
34840
16639
34547
20507
44582
26216
45760
16792
315
19162
11702
12534
6152
17974
23903
8358
3173
12743
31698
41041
1236
36611
37011
6698
44618
14622
40109
23819
12549
46702
8508
24414
5283
45873
28672
9025
13286
12826
33689
42945
8534
32605
8886
7920
11731
14549
39118
35955
13895
21524
2794
17866
48371
26431
44339
19736
25003
15163
4585
11413
16003
4950
36970
39109
40243
33034
31327
45618
31456
39695
20681
33253
38652
21239
16005
25390
18420
31376
9191
48895
25533
18864
19977
14001
34474
33753
4677
1185
20197
15149
36913
36991
11596
25718
26100
25119
32151
15446
9637
4084
8501
35884
24882
47488
2765
17303
26244
23563
47224
24747
1268
584
14879
3554
6059
13336
49182
2053
38676
11603
25399
26321
14980
23728
44490
4426
12415
38523
20350
36863
24235
10397
19032
10697
14357
27731
10106
22917
30755
36753
47299
1686
29837
21526
8741
27352
27409
48152
38537
30678
5259
32985
42649
37980
12410
4224
48555
44462
41904
46627
6274
15339
22646
11232
5641
17454
27306
33207
6014
5947
48472
49787
11100
31499
2536
30101
24128
40308
34873
3999
40005
3907
26616
26223
47074
46488
28825
43180
41388
44289
13979
37200
44075
11526
20809
16052
7832
14467
30865
25289
38880
4839
35250
11728
24299
5244
25178
1536
26870
12428
28816
45849
40163
44823
38424
36993
27865
13611
3956
42797
35099
25125
14032
1458
25101
34841
19673
20262
32675
31733
9634
14132
4851
3775
49565
24780
41001
27870
8159
4440
6199
38781
3529
34272
10565
44831
40467
4858
27377
18444
11255
37092
43086
22508
14473
30054
32318
20639
6814
32223
16004
39819
22203
16724
28507
15443
39284
47018
15267
42741
1364
15301
33305
15134
31668
36829
13519
32006
24119
27160
45390
23296
19245
39787
37808
35084
41004
38916
37405
7735
2433
22509
33994
34343
10783
9597
42816
16800
12566
39156
313
20142
2790
34174
45343
30904
29210
35095
45483
16733
45599
25539
8262
43776
32502
164
6475
38690
22912
46936
12613
21218
17166
5915
43346
44302
2950
14196
9349
39343
27137
25908
26696
25039
6006
9750
45882
20743
12897
26820
34035
48407
36988
16068
2675
23125
49164
10643
41031
22248
40144
35671
14719
23662
44835
13156
17964
49843
41667
11921
21148
14658
29434
13507
31849
16446
25089
39790
36791
45140
33413
7133
19117
10909
44746
14216
42272
28806
24296
18844
39585
1704
31823
33508
39544
6605
31079
32635
34144
11013
11506
140
29580
5514
10412
43066
12094
13545
5268
6439
42769
12090
41390
18578
16039
3030
17680
24663
23022
46338
35494
10251
28571
14545
5029
18115
24793
1778
3167
46034
28886
21662
13521
30041
14038
22239
7189
6637
36579
8181
30115
22519
30673
2395
24147
26906
34031
11099
29803
48952
38289
25046
30184
30784
42303
12312
281
4898
27679
23263
18302
31420
33170
1147
16197
9920
10074
8514
14000
24984
4389
24251
48724
40034
44897
524
20822
43006
5117
28439
46609
26170
33511
43145
732
41983
24932
49078
6661
30976
29270
48764
17128
2727
9682
43206
25984
33598
40804
2349
44634
29425
14384
6281
34385
42939
25973
42050
20059
29546
7428
6309
19033
26402
17481
6749
3915
20476
24706
9494
26928
21482
30632
11434
42309
45216
28948
20091
20298
43654
17730
6870
11495
6524
30859
21733
14793
4841
27555
30893
41480
23527
41884
31951
8556
32958
14916
32175
7196
20594
9058
35202
41205
36458
2339
38569
47577
5074
9131
14124
27535
35446
33419
26791
43232
42174
25715
48739
742
46261
22308
25383
12627
6467
311
47849
13435
24733
29353
17630
1439
31293
34726
13379
26829
35662
21752
23575
5315
1339
29506
635
29568
33497
2171
191
14331
22283
32146
32397
42599
46432
19965
43970
20055
12098
4266
18088
36815
8401
45363
41814
3780
37490
38730
1189
30793
3794
41595
48659
33213
36043
14490
5302
10818
21897
4687
31161
36980
37796
19471
45430
49682
19961
42954
16855
20188
45872
17965
15332
44496
44978
34605
3063
3325
33835
32794
29614
8758
39207
22458
9526
21312
27979
1358
13367
33531
3442
14041
1727
6526
17150
38543
15616
29101
31497
21069
297
12558
2619
21465
38218
22903
28612
48125
38075
9271
2144
15902
15310
21222
13833
37798
46349
25509
35197
11582
10508
5532
28862
38270
19862
2224
33299
9312
11280
15715
40851
17561
31318
200
9018
17110
31452
10246
4222
4768
25060
30829
46329
3212
37401
27678
8983
23020
19539
40678
22127
43980
37790
16171
45183
49193
21149
2557
46436
15525
36138
37287
1161
36548
12578
33335
7565
49869
24697
12673
1128
9037
15052
38070
12647
15836
24638
17035
12524
19325
34280
16057
47473
30512
18180
24841
1403
18038
9215
14050
18312
31353
8372
1968
34253
19555
4243
11008
20303
33155
370
27088
32913
35784
15414
34107
46250
12849
12824
6416
47959
14005
1440
4479
44518
9806
31477
38476
42423
12797
16717
24892
33916
10894
45899
37960
47749
8391
40360
48116
37413
46496
34814
18552
11623
30205
2125
29295
12664
30050
23976
49139
32279
13718
46322
15832
6167
43345
33724
21640
16153
16793
16512
6477
29643
29336
44106
47188
24180
39369
23190
37557
21450
10331
42242
22725
27342
27951
38105
33346
28051
3925
16316
29730
10138
39339
7607
49257
32684
40857
385
49285
28865
46651
14987
3618
42339
16420
29511
42384
20997
28025
41432
39440
30523
38952
22480
28219
34059
33454
13908
32116
41726
1564
47876
22462
22208
23642
28243
32804
10784
21097
4106
34445
34101
28921
38091
29749
46608
35481
30354
33444
32176
10063
19991
2894
8770
5499
14053
15000
35641
48128
34625
17323
41126
40593
43523
41324
28763
4546
14090
43456
15431
14434
21214
34580
40508
32345
13120
6609
24701
23838
34225
28701
18626
34134
43178
46118
39813
36357
16460
7321
6097
8963
41117
37950
30329
28272
24046
46991
23579
2863
13392
33369
47035
34701
16607
11744
19655
35272
14897
4214
7123
25220
40067
23019
47007
11549
32179
36820
36451
36381
11115
5276
728
44440
18950
16314
48878
26475
13305
25070
42690
800
18610
18645
21158
13818
31067
17984
12686
28010
27920
23271
44990
7745
12050
41077
2707
15866
3867
10543
44110
19477
4700
34688
42646
7328
36476
43408
23061
40736
45860
13188
5899
38174
23155
10497
6718
21275
48465
15664
18221
14153
27680
36200
35815
20632
414
48527
11294
7749
958
9356
15148
19436
10341
24732
19709
31947
17958
32234
36416
3175
43925
9252
14081
5083
43
20368
38446
19031
27937
13764
30058
43940
37384
955
23989
3155
16889
5697
13290
5998
36076
24330
26338
39094
7386
36652
32814
35464
21497
43814
6928
45857
1434
11757
45230
902
14276
15918
17881
35182
17102
37816
10641
49433
46181
28937
26477
29902
40716
32691
39674
26793
27908
47246
47724
8337
2530
1588
28776
30221
34475
29080
44388
12012
21721
2561
1641
35812
25977
33228
5656
12411
44549
43072
49398
24725
17240
21609
21588
39865
11928
29769
8249
35302
37727
15177
26549
7313
29766
15112
19734
47773
13266
17312
37031
19221
36876
21837
20462
11390
861
23934
47163
8207
30767
12913
7923
3962
12423
41314
19273
1747
9184
36726
9679
35661
26603
10974
16810
49915
7712
11327
32911
33577
19652
18748
48461
23926
38553
37280
11291
34987
11751
13466
24775
48719
21368
2550
7940
2
10312
1724
9790
27587
38941
16159
22166
29499
37372
23052
2598
36089
11450
837
13600
46046
2607
25898
17322
48179
38047
32728
30798
31531
15941
21420
24114
28903
46860
6860
10351
16325
20716
41779
23913
2071
28565
46101
14730
14222
23549
30691
41926
4731
22081
10208
12004
47277
10556
21853
12500
17689
1889
7252
37640
1100
5489
35477
409
10030
45987
48849
22473
13237
20828
31523
6488
29953
4330
6464
32501
40795
32831
13665
16920
7114
45909
8537
1131
10346
19833
6990
37259
46727
34560
13738
25195
5823
25719
33619
11459
24836
14120
31583
11004
7786
21621
22144
47775
5286
32342
41526
7963
31526
8736
48779
26346
20915
20015
24267
24923
33117
41510
6513
33999
13562
29869
29538
40730
43155
39241
9622
26453
33628
33699
37176
27214
24387
33731
46038
35893
6251
27663
37511
37540
3853
12630
36924
11785
7056
18599
31402
10390
38559
3689
46715
30395
20277
35534
27006
29784
15997
27285
47037
12683
15520
3623
28457
18653
41012
3373
40266
27501
31311
16905
13441
35231
29984
34890
9435
42710
49395
25392
26670
23267
22910
1261
4102
8031
22872
17334
7041
38223
3740
29843
37886
44761
21452
8541
45026
9022
27279
44274
11825
12339
28615
37920
48756
33394
15654
19135
7028
40309
26201
29856
47289
2576
18154
15627
25002
14727
42104
5055
40582
17088
18532
11926
6788
18059
29516
36302
20674
22822
30576
13034
6564
6787
21415
36496
14198
12533
16543
20132
34081
17418
48716
39200
3425
5906
31375
17106
17361
2100
9345
499
47625
15192
45072
10381
19390
5819
2241
20278
29542
20323
22074
23255
1468
27602
22025
10732
44961
34377
17509
8662
1307
30363
31954
24377
11619
32742
5502
12007
37564
46513
40072
41410
41838
9846
28502
21437
19547
379
31588
12455
43454
44841
6250
29377
2260
44915
34130
7481
48175
23057
38654
23956
28994
32771
11799
15096
19299
22719
44874
39617
16505
43171
48273
8256
8816
43127
20581
17018
45119
47653
9094
33595
39173
27035
12657
8211
28036
20622
8880
26202
47504
15555
33131
8790
48326
27133
38376
23892
47125
40843
5190
13914
15283
21817
40897
3000
23218
37988
12307
22643
16933
24375
26267
26112
14366
42687
38532
38292
47132
18833
4920
18189
41104
15039
21138
11049
25917
5767
41612
49577
17008
14223
18017
27646
36041
1156
30790
19593
21425
4726
46611
9649
18459
27817
45394
37231
3240
7174
42644
1362
26746
1709
20110
32806
15184
12662
22443
23433
35173
15205
1454
12409
29429
4334
35089
31822
15487
20056
49159
32400
8353
48666
27130
2295
1013
5147
47560
24224
22802
27904
21699
11628
30172
19936
13215
26894
15208
22146
6591
23016
9055
20773
18914
25988
36653
9287
18356
30661
24060
17516
38226
6566
2080
17525
45593
47404
9936
16597
7030
14456
9060
46313
17888
4910
3479
18836
7312
43231
34399
47044
18725
20253
33093
17928
21672
37347
31969
40028
33827
28412
19377
49650
2375
4549
36698
19657
5418
510
38126
2596
21282
7064
38581
16253
3231
28131
10225
5347
34598
1723
12188
43163
3921
39138
37480
39991
11086
48238
48583
36967
6931
22679
39835
12259
30259
22713
35808
25071
4992
4060
10229
20085
25515
26315
10493
49838
2159
34963
3238
33983
16555
34250
49832
653
18358
46227
8108
42053
25274
40076
1680
48386
12756
22927
28515
8665
9436
21654
7669
12338
23661
30826
232
21168
14185
15677
32265
21283
43780
27281
11952
873
33136
20700
19128
35036
30165
7525
16428
48956
1303
14294
40118
19616
9332
2196
17176
11435
35483
36741
14507
4351
8848
16508
25563
25912
6200
33320
49992
9302
20046
16937
37446
19534
19685
46199
20923
20916
12366
24634
29379
36776
16691
7970
17894
17359
298
10879
35846
13954
43507
16705
31348
6892
4344
23891
8958
17
38030
32332
3235
43610
9757
33404
9892
5104
36502
34067
2838
4589
1874
43830
36149
41744
35573
20395
32078
25964
37218
11829
3941
13402
28007
21178
23760
38548
10835
23839
13183
8356
35423
2369
25463
11270
3237
1134
30393
2710
45754
37999
34143
49602
31829
44590
30566
33755
19417
14443
36029
36574
41070
49474
26959
5087
40600
18740
13432
49895
40689
32520
9074
40674
37745
17132
13454
38405
46440
4592
37972
12772
16078
26570
37338
16932
17311
7474
36804
7253
36954
27745
33873
30145
39738
2026
2991
18658
38593
28129
24275
49840
9854
45426
15966
11326
38100
867
6301
4472
43414
35310
21199
27996
27858
19504
47838
10554
9809
956
27542
3988
20472
14449
41670
20252
9696
20660
33541
32154
30479
11444
33836
38301
26178
11275
42562
36022
10078
16254
8726
37476
36042
34355
39911
30077
4183
15686
18960
14234
39097
4946
21962
16345
718
28503
12631
11668
40046
46172
29694
4432
36693
21539
29981
18760
19775
4022
32239
25895
36335
34428
17856
27399
32536
5650
42840
38213
18370
12553
24948
8912
38804
26380
29365
12331
23751
42367
34473
24412
14550
14006
18877
16051
16536
10662
4458
12704
19639
2717
12058
13196
46972
9841
10021
37757
20297
47128
26751
14409
4015
12228
5477
14027
34740
10868
21545
24978
16909
4155
20641
14791
8851
21055
1493
4450
47892
18821
48887
17957
49497
35273
5843
15351
41509
22298
25765
41395
45617
49331
9749
42881
27125
31104
35938
1224
38759
43746
19956
2162
19513
613
26154
8230
40488
9124
25652
16111
41239
24539
46293
48560
24873
2966
1283
16865
13570
21393
36643
23373
30705
1137
23824
45481
15360
4367
24201
33706
37969
18925
49871
27964
30264
8315
49472
42114
1359
36719
39302
9176
21625
14139
43967
5017
30809
46150
24084
42971
20596
27142
47095
6280
47494
27478
38881
48044
48422
35506
4831
33738
3185
47741
26673
10499
26859
49330
6132
27513
8165
7609
21892
5412
33965
27408
16440
38923
16655
15778
21641
20540
31746
32595
27669
20361
37648
23592
18674
28601
42668
16683
46042
20741
45084
27655
38056
11331
8670
21136
38044
48991
31524
34852
35890
46409
33640
29774
41039
41747
8503
29263
38765
23170
23645
24404
21900
1856
36587
34033
6429
45388
25546
25370
27732
2031
36976
36727
15747
18955
48905
43403
710
1853
31460
7228
41775
28411
16188
44704
21047
26206
45575
5214
16015
35004
23367
14250
29798
41159
6758
35726
33379
34352
20909
13210
30912
17656
37350
46930
396
8086
27914
10586
604
1309
10618
37249
25933
17246
36616
45133
43977
45690
48836
26444
49899
27042
21068
35602
1731
11474
123
4014
24765
480
20359
3049
35527
15172
5872
13585
1808
26996
24473
37503
464
31629
46741
32515
30547
47269
241
8722
35693
5333
30561
23659
155
18872
37546
45519
34724
7385
33815
34928
24877
23207
4810
6776
40541
15690
13445
39474
16992
26872
2521
39456
7180
25562
24933
28377
48059
42154
19723
16302
9242
28710
38970
48821
2008
34062
36963
41676
8429
9594
26604
46215
31960
33071
46074
22501
9605
755
35469
32106
13789
41989
49451
16041
37890
35848
2839
15195
3629
16817
34486
22299
14641
49766
31091
7389
41857
23445
7895
12587
48025
5320
18266
24568
13203
2382
20832
38756
40327
37428
44773
38461
4174
23281
25876
42150
13287
28587
48506
36483
18497
885
48936
23395
33013
37787
35245
24870
26236
38772
38939
18867
4056
25423
39752
31602
2354
34756
43128
46344
2934
9830
17190
17373
48287
2628
6828
7112
48747
44364
3248
14183
49802
27856
37578
2108
38492
22823
11645
35593
7153
4955
16309
13204
26166
10166
32910
14661
34356
2917
10196
46271
18058
19303
48819
20903
29661
33660
19871
44719
27622
44685
39530
15587
18339
11740
3827
26281
6755
26075
42713
8048
14951
25375
41921
11213
14953
13394
28549
25436
46851
48385
19702
23500
45103
14361
8186
33766
42571
18698
27874
45638
5073
1678
14860
29951
22321
3773
21407
27149
12435
35603
9348
48377
47329
48901
48686
44114
46028
15835
44015
12912
8447
41931
18643
7632
30312
45362
37122
35212
37439
22664
20176
40764
18550
2190
2197
15739
28961
10971
43722
45566
49454
7887
8355
31042
26395
40895
22156
13986
33888
11552
27119
7047
47816
44010
45549
33787
5612
32630
25670
16982
29355
22873
18486
39019
16452
33271
2709
30250
28951
1973
34888
39035
27715
27234
21542
47842
27953
16738
10754
1858
22132
1437
26754
47401
33663
21385
26757
30875
35360
36747
12527
34391
26778
14127
34603
1773
17118
13834
16844
33259
24589
24431
12757
1472
30486
49559
40197
8506
18998
14594
30276
21133
49700
8250
10255
19613
20768
692
26716
16578
16290
15919
44765
43679
41565
9776
827
31371
9119
26163
5721
32760
25462
25635
2472
8014
33590
26434
46631
20044
25938
20178
44784
34228
13644
35467
38211
13692
47172
12907
21877
18249
25077
40248
4301
44092
23454
49167
37519
35917
44498
13455
35242
33311
18290
21479
8529
46989
15925
20062
35235
41791
30349
49218
48110
41178
22499
14280
36928
37047
46217
37236
41436
6772
31919
43065
22773
40372
36666
5842
4355
10946
33580
676
44184
23860
31175
37213
13483
45441
9008
24738
35086
8651
9681
13264
33291
23161
42088
39237
28394
38305
13557
19830
1314
31564
5348
24324
16209
17172
20039
2113
35862
47663
4193
49460
45840
30464
38239
14552
44972
43189
19681
30641
9564
34019
25106
21615
37453
30752
17636
6685
31815
12798
20489
25171
38742
19982
41911
21303
34222
35946
36067
19553
40755
47711
31557
19425
22819
39664
25450
41602
10730
1241
3484
45644
18959
14631
14341
29089
29500
32839
33066
2239
1934
16589
8815
17191
12905
12106
38495
3312
26998
16812
30265
148
11518
23229
2593
41913
40700
36604
11223
1646
2054
26495
31516
5838
17805
9162
14817
23837
34941
43578
27389
21663
20704
32959
17157
22931
39084
31666
15393
40106
48478
19213
46687
17938
25694
31643
26867
1391
34655
21203
21412
31561
12232
27183
38062
25949
16614
45680
28360
18481
3208
3716
15769
1305
20414
6711
2611
13497
36233
6811
12939
6334
45986
25027
9654
43010
31440
12916
27995
46402
9298
16572
37664
17009
10634
14302
8643
26710
26334
32523
10375
20033
17864
22580
31372
22986
27147
20081
4064
29733
35184
3219
30797
31284
37834
42447
28926
12005
21462
14839
30217
24625
37603
41298
4469
26427
27383
27579
19490
32857
25150
14321
35251
18659
37766
8843
34357
46753
18544
6967
8400
1456
39037
7271
28945
3008
3665
233
2617
13947
679
44821
15150
13450
6939
46554
46051
12285
47512
47995
46484
39014
9200
8718
5129
27276
17159
6066
28779
19653
34288
7552
36932
39677
18035
42191
12211
21391
18539
13460
5536
3559
11674
17355
19953
19192
6212
26183
49340
43274
27913
14062
9731
45786
44565
38069
17943
173
31063
40695
32989
46047
23656
46235
13520
11351
1469
15671
54
36359
31282
24624
41937
21067
25914
42920
7152
7392
30333
829
2600
39976
31048
33672
10473
12364
12590
32568
5739
7267
15581
35425
32141
7978
8615
12096
42058
20088
27666
27783
19749
22961
48345
7333
13995
31129
10710
38349
23464
688
20305
13374
35476
21
6357
33919
41860
22687
15755
25955
45374
17747
38681
4960
2516
16940
19891
46512
15347
25403
17000
28657
14716
15345
42468
28711
5957
18583
33968
47586
14648
22824
49701
4797
36392
13470
21879
15068
17449
37740
20018
36563
11771
337
24253
18706
46452
33205
8857
22627
7867
1902
5042
47628
321
31624
40124
37871
7384
14028
6532
9553
21293
43172
14577
4888
38621
14678
41824
16646
21867
48645
21755
26502
42149
21157
33847
23286
15021
3524
8779
15054
43721
32356
3500
28811
28052
32253
38959
13977
46805
32429
34666
36923
28632
41934
17779
21449
49185
33360
19604
31809
9050
31134
46792
14102
34872
31083
41877
38519
30409
35114
15284
37844
10461
32076
8099
20615
22640
6886
34361
5884
31781
35014
21587
30177
16102
20427
4930
45050
18571
9324
24146
28655
19001
21480
1855
585
33325
14983
31423
24997
514
40856
17931
16058
4988
2423
38455
1092
5785
6306
35973
3914
23162
1227
29762
20148
37410
558
2544
36020
107
27365
28417
20369
21225
27089
21771
40596
22665
45256
9429
19707
4632
4169
24217
5308
30320
30255
38015
23643
18905
39645
2687
12981
28760
25761
4778
26109
43446
42143
4065
39834
40182
43842
44045
40768
45036
30081
13903
34053
4434
23970
17507
44153
13263
49873
19971
16167
18065
23222
37602
45240
35570
39334
13830
35002
17433
37370
23379
9940
47238
32932
2866
37222
22836
19208
22094
17054
49859
28638
47293
11070
45563
9364
17112
32816
1112
44738
13715
35257
13082
5688
27597
29680
30633
5389
5932
9775
8648
49294
42630
2612
15573
2003
14548
44445
21810
818
641
29674
28313
8387
2111
26596
34334
10066
23706
48435
2419
35034
31766
25532
17861
46583
30080
13498
39252
18044
22092
26096
1910
36342
8729
39984
9313
24853
27462
33119
19219
696
22476
26877
26190
35411
22128
1340
48783
10919
31878
19810
38586
26004
27197
11705
4743
22160
44561
24218
12691
3531
17203
43248
19336
11791
18345
243
33054
36201
42170
28258
21949
14646
28008
14491
10832
32775
1779
31545
31245
3094
11535
16956
35632
12373
34186
7094
42661
47245
18381
16486
19292
13205
18629
17478
9056
3145
26530
37658
10659
23868
2268
17897
15681
41974
19995
32461
37504
49232
14469
3990
16798
24728
27672
1726
30896
28070
15116
6099
24858
42884
12608
3334
4028
29886
13864
31708
40165
29348
28761
5495
24999
14021
19122
27479
42370
22705
34601
49466
34510
49571
40694
19618
26318
30703
3519
16754
31066
26887
4122
15331
20186
36253
2119
2644
33743
41452
38910
22621
26999
43549
20935
16862
33110
33869
23680
2793
27497
1157
14663
41085
10414
5982
9152
14126
6103
22193
15708
5067
3771
12354
43944
27877
21071
13621
34886
38345
12862
30565
24573
21238
27978
33095
31019
2520
28104
16790
20591
7380
18534
2324
8271
16816
2720
34345
30942
17698
22394
18636
18285
7599
45651
16580
16869
40878
28141
26176
17205
27017
19997
1311
22209
10116
9557
26662
10704
49598
18019
23147
35402
46441
24754
10200
6663
3258
12530
18226
29316
14460
1517
29094
9706
9430
9752
15399
39872
7527
21397
17042
35529
44917
19000
4012
14923
26635
5566
3016
45831
34538
14762
24940
15634
18472
36885
9748
30975
35830
24495
39637
47827
7631
43949
43917
14732
47544
13297
3347
25942
44775
2352
17632
26816
15675
798
32227
20341
18178
19242
11011
23438
21307
1203
3082
43527
48146
21396
16867
17286
29006
35941
12759
19927
24822
2646
10739
38718
6989
21885
11365
18759
28372
47066
9335
35497
20405
7949
39143
18219
16861
29828
43309
49296
1496
13184
42609
32596
37009
3260
19958
18567
6674
8205
28345
28797
21227
29356
12513
9771
41574
30536
36848
29259
15553
21339
11793
15305
42420
45832
43137
6079
41441
27564
36057
13010
42240
17026
42706
24383
46915
19561
41363
23601
37301
35794
19594
24142
34123
29907
17983
32826
22967
32924
28874
44628
10891
12802
30579
39837
19045
12013
18621
14393
4999
5781
16221
43429
7958
13821
18900
29887
37944
2289
33158
35388
39699
25036
45953
17589
27822
31609
46155
21521
39830
23761
48092
30151
2206
13293
33978
43976
20379
12
31296
13772
1335
49013
28788
14965
24292
21247
8100
33939
14438
36959
29304
6818
27923
23570
40412
31923
36192
23146
30546
19236
25358
7378
45959
36179
13982
14501
4638
16328
6522
28342
27576
34462
43457
12522
30864
20106
28784
4219
25997
23613
32901
13584
46821
39661
25864
36090
24066
23709
27403
19203
19876
32251
3132
4730
42295
22807
20113
12791
100
16442
23295
16139
42771
39315
3464
35730
6673
23827
31410
36170
15920
26065
22111
19007
15909
47975
42933
46642
43996
19082
28256
24058
13625
20729
24598
8383
35271
43739
10713
33409
42879
11105
1274
33920
29710
42921
36893
49258
43422
17051
38838
37965
16027
17492
22850
1012
393
4560
10792
41593
36072
5318
18215
37208
44629
17663
33112
13997
4880
33554
19139
49480
90
4287
34742
33695
33625
22943
8274
25542
32737
24278
41486
32930
47530
23741
47609
42807
2429
8319
16169
35952
21803
12093
13573
13763
407
34717
42544
19278
34892
32714
18676
48043
2703
19567
30158
27520
18516
24303
37722
22960
9619
23071
16370
138
35688
6786
21034
43281
38267
37203
24824
30310
17614
7969
31454
12065
12895
23883
16716
7033
22949
40220
12317
41348
22563
33802
45590
48382
5854
26523
18603
5232
18684
47973
33759
11220
17681
21145
18809
12685
22485
6856
13430
3288
32610
21080
39505
39078
31391
30233
4817
5768
46887
29776
41827
29369
15579
15282
5462
19787
4672
8562
2810
44136
32666
13114
17109
21154
33700
26313
7368
22303
43230
13107
3001
25840
5281
3053
30645
32929
380
47009
19293
10263
36188
37368
15509
13071
26930
15597
30667
38214
17153
22465
27898
19886
39983
47671
10370
47028
44659
28935
3116
1144
12871
33103
6830
13671
47662
163
22178
6656
29924
9465
47930
14676
22401
16296
6844
33741
761
34671
43051
14521
12994
31232
4641
29036
13757
333
10409
48294
15809
36234
13066
48699
43865
46218
18704
24045
49757
33792
1809
23212
43020
39277
5770
26150
3482
12421
35572
2320
23514
36239
14981
4859
29228
33225
20069
16636
34044
42757
13955
28069
31854
15817
19994
37866
22768
26832
29586
19992
26977
1133
42714
3578
22770
10395
38666
48167
16971
33563
39933
33310
28756
15475
40580
9881
35657
26470
3130
15427
35580
11692
204
25402
4765
9534
5197
44813
22035
48861
1372
47318
18007
21712
25595
39679
13711
35644
31903
22426
34372
10812
10566
43471
40090
11199
39077
12676
17186
10406
6040
17523
25975
6638
44520
29656
20215
10449
38181
36816
850
42875
21093
20886
29712
21365
32981
45067
43007
17238
17493
16117
41853
33025
11419
22044
42549
30308
24044
1941
26151
47923
45206
14472
36306
16344
21942
39859
45991
3712
26035
24955
40423
29636
39208
25521
32156
38435
47033
45042
19544
30322
6898
33557
27657
34907
4877
36035
21998
36854
44058
12730
25432
2889
31569
48250
29760
6342
40487
25752
47337
21954
20276
17206
44254
12450
25742
27960
37676
437
45805
26054
17696
47443
7455
33363
24204
1026
4404
4067
23807
32469
46566
23419
13575
34620
46303
35911
9904
47212
12474
8305
10291
48291
41160
22436
47533
32527
15904
22229
48124
6895
45271
11553
44567
36443
9958
9587
16232
29071
18425
22447
20690
34045
43972
34042
46461
38118
12968
41376
25885
47785
37558
33620
28964
20793
32941
42849
28228
14530
40778
36695
45812
48967
22344
4709
9442
41493
37334
42067
17787
37586
45198
14977
27162
16747
11497
26912
30327
18804
34640
35869
49477
15608
22088
40119
25631
48162
15226
33842
47851
28883
13654
13193
11836
14699
4424
23525
29372
1924
39686
1293
2834
4911
33498
48698
4625
16495
25199
15687
15105
36391
10315
14582
9816
22577
23887
14775
41425
22269
48548
8003
6034
36736
39798
30316
30159
3389
22215
26164
16502
20552
43027
24152
40647
40476
1967
35964
40007
6906
29988
35530
30442
5509
29718
34767
21374
29779
46827
26339
33081
44963
257
18456
18148
3795
13299
467
21012
8064
19916
6720
1601
1996
12935
10621
9281
29004
28441
11336
16568
14917
19837
27512
12962
6364
20272
41551
14365
41352
3068
10089
47763
19195
45019
34515
8101
49660
21513
42232
42271
13859
40801
20438
14696
39476
36152
18723
17937
44017
30996
6016
30573
28374
31191
2574
15158
9221
8191
3485
20265
44847
22223
42872
38692
45695
11466
13130
30038
27416
10993
45329
24284
7225
46670
29017
26276
37529
47740
4640
8340
2400
5591
39820
15460
34771
14964
15680
36097
15186
39132
16429
33302
16044
1781
16696
47575
6241
49639
2411
37442
26358
23334
37054
15558
41610
39098
49381
25488
13283
31964
32343
41864
42845
1590
14186
1935
46442
9584
29582
6273
27482
44818
10665
49444
14297
13885
6995
19304
47720
11003
36712
10742
21706
16089
43668
18344
11997
19642
3469
32787
1442
7641
22093
1173
28882
4093
35153
11190
37974
19305
48186
43040
7986
9723
6981
23374
45160
44751
31321
14611
10865
32320
30670
44319
601
17192
10676
462
18238
2590
27593
42473
32885
47464
16480
34802
17379
19232
35190
40944
48442
20467
6278
24461
3256
11555
47836
3287
12537
34882
12138
17239
8850
3024
24164
17348
8690
25129
13091
7365
9968
5606
36282
18400
34512
36787
3594
24082
8243
22264
46952
48754
5552
49070
23216
46600
31381
26157
37636
31137
3191
44449
23615
20689
27312
39654
23890
43753
15315
40281
12803
24181
42952
19975
45295
46403
41259
43788
18129
48910
1618
37697
29605
16895
35027
20502
36681
5503
24637
26864
31114
37137
15963
30252
20967
35541
10264
21417
45646
5869
34068
28810
45232
17486
47812
28682
21253
25967
12388
48161
21477
42387
27916
48778
38950
12141
24359
27892
38410
7485
41318
45793
21119
26398
17147
47087
42554
16835
4590
33040
38094
28127
34843
21430
41225
32148
5648
17484
381
2468
12148
1215
23038
31717
17898
15572
37612
13579
21072
43461
19384
8509
46640
27522
40702
15415
7461
35201
5978
26021
17339
24188
25072
32919
5277
20612
49201
8494
3817
46000
44674
1953
38601
10090
13786
5440
41498
41890
18716
11084
22515
8269
42486
38703
31974
46367
28416
41576
25506
4078
45236
14426
49951
43375
22623
42932
32628
3741
18013
1568
20537
12322
21301
14771
4455
970
19682
48903
8640
18317
40931
44873
1306
20655
17382
15275
33374
8325
30094
30498
27562
14056
18077
20222
49798
27975
28033
44553
37075
15162
20543
25172
596
7397
36106
49528
7165
4225
30357
4449
37098
23826
34160
20398
28041
17576
5089
42718
25653
42524
35696
23224
27315
6603
26875
5640
38442
13804
46769
7982
1320
26032
30503
34434
23330
21423
42092
23508
48220
36403
41940
44838
16510
25696
22069
9126
26536
9484
18792
13347
34212
17588
12215
43934
40024
14502
49416
48522
5258
49450
6528
35039
41834
17055
1657
31517
41634
33562
4125
42491
14858
8419
20242
14078
34917
2989
18289
25564
5154
3467
46844
24893
25531
22709
46337
26974
23636
29442
48640
49583
43350
22899
43510
19468
42890
26822
35269
518
39828
45336
34929
19718
48395
29109
13314
16337
19887
1169
24714
18521
3419
1287
35480
47478
20445
49507
9396
26653
32869
25628
21317
39071
43923
45155
30520
19786
47950
27457
4068
14437
16775
9615
28741
35788
23040
35845
26964
30429
3769
27411
1972
35783
19319
46406
16395
14859
32215
8999
16120
5712
34338
12890
47872
30844
5976
27400
40515
8487
13201
11725
42991
7496
32358
35896
23657
6999
48201
21802
47381
11175
43246
40189
37801
46277
34414
30032
19441
521
36275
27677
27005
26980
39204
6411
2143
4399
24937
10836
38269
12332
41408
38217
28347
26687
26302
1516
31357
16584
28491
29668
10896
45180
40855
8295
2091
41621
25469
48639
46134
9911
33611
41164
13409
16808
47725
10702
10877
6850
25346
37422
12690
38885
21862
3110
41955
30208
37604
35915
19201
22506
35268
2221
35582
2279
3632
15045
34097
34974
47768
4561
27117
24316
10000
26623
8780
29235
22739
21896
18422
41080
41973
22311
27772
19019
20471
47104
10121
2575
13609
25295
7679
11524
22629
24392
36920
10966
34302
2835
45199
15857
8502
4066
247
48456
32181
10851
18329
28619
1771
16926
845
6893
7551
2452
44437
24301
5547
25738
32662
28459
28558
3607
40003
4511
21750
1379
20145
30274
16223
29842
26265
31431
44884
30936
19228
48290
33863
2346
38657
9320
18307
33462
24527
23897
11135
45318
16739
40013
14992
9415
29254
49717
15763
22228
41444
3875
31297
26067
43398
21032
46379
39112
12193
25621
34344
1533
43173
16107
38527
34893
42474
49128
18510
22638
11614
20845
4300
21927
2497
38022
23848
22257
24929
22562
42247
4213
18254
47691
30987
10314
22548
16123
30909
11499
44044
28641
49839
6963
26589
36630
27521
21498
22300
46782
6568
838
14504
39130
19758
2915
11279
18820
31337
5968
42056
14482
40863
30898
26972
45545
34692
44667
22236
20306
13910
20883
36298
29412
25299
13825
21829
18786
22600
33963
10466
23128
27664
37136
36337
14170
23988
44368
42798
12452
3236
17452
40618
8002
47237
20688
33834
48281
1979
28932
44748
13970
24961
24478
30056
30082
9273
48515
18330
45791
5126
10645
31446
11442
41511
1860
26331
3627
43796
13940
32281
45920
7102
6139
9044
5380
18323
25460
47701
46897
5839
18242
22168
17360
42582
26606
12010
42717
39057
31037
30990
45095
16097
45946
38367
43204
29999
16019
11551
46967
18204
35897
17706
1068
20906
20358
19858
10125
34509
11054
21094
22990
47159
10759
40206
17993
43921
27083
38227
39607
29333
29000
32818
48847
43357
7504
30813
48993
49028
35285
45961
17232
18874
19499
44109
1579
38867
27219
45361
18380
8411
30495
668
14985
49366
15775
39047
38112
34220
48976
34171
85
35790
33341
14721
33184
21468
16859
25049
4478
16907
13093
37729
18165
30342
18788
1318
33139
5753
2824
43449
3188
32858
41516
44932
23276
34791
33979
38794
18049
40841
32384
33527
3953
22036
46065
28924
42823
39368
6727
39802
6051
19485
16414
11268
13427
2380
42729
378
25618
21930
34072
25160
41211
23030
7700
10962
27223
42641
2457
154
18720
14353
1852
48424
3690
24450
9149
21911
36686
8088
48543
42294
29430
32364
21736
8771
38050
1217
46903
46475
38421
27067
34993
25205
9674
24010
31970
47883
3505
47102
33403
27264
33390
40027
37269
24852
43002
20479
17812
5003
6240
42772
25588
43229
49004
21081
2614
32157
14191
26753
46871
20929
18967
20517
31664
23320
47911
41214
34747
46620
46817
34995
652
38058
7097
48232
3354
25084
8956
18030
13516
40064
22297
36821
41985
3571
28318
2843
14163
22552
44275
37129
717
3313
9182
13088
37767
46675
35154
40514
43957
49749
17594
16306
3293
37260
10982
6427
34354
38664
6583
35267
10572
11196
39710
42808
31929
21025
26681
40375
17962
13561
37383
21986
639
2002
48577
16504
37804
3396
7989
2463
17803
17329
46298
13062
1262
25520
23950
16138
20767
39356
17878
37879
41209
23219
47039
7812
42809
11869
44758
3182
13869
15796
27054
46433
44881
23594
27805
37913
19605
13937
17601
44580
13397
8111
2335
7542
39447
32917
18334
26504
12883
16294
30736
33921
49061
37875
35983
42011
17848
23421
20603
28878
12365
49315
41663
44087
29411
14207
48352
26043
39423
23717
33526
35771
5610
31772
7506
27866
36908
9403
31335
36312
26167
30615
38999
4591
16404
31437
42731
4951
32778
38398
12212
25134
4379
39909
46365
19964
10197
44717
37396
16061
20076
41401
48919
3035
29118
9705
43462
34744
40696
46135
19931
4803
49363
2914
3253
19360
10921
15354
23946
27846
49844
5391
24627
42461
20135
20992
40152
38229
6431
9047
4644
35855
49231
42017
27617
8283
25001
6982
29445
7342
28171
41369
37139
4807
6080
10857
27965
41277
40661
44739
25845
34206
25050
5920
26545
46090
41951
47448
35796
540
7284
16433
32772
7274
46867
30986
42726
29866
19393
7281
20998
46706
49504
33758
44833
14508
1422
111
47081
10141
5513
45421
19233
27298
16321
9065
22849
42917
1774
43863
3617
44035
49560
7952
4867
21979
44001
22452
17799
13169
12887
8157
29583
38437
24842
23647
49760
28093
46857
44394
16769
21496
15355
7498
17461
38899
36180
38317
47231
722
993
45928
7908
13324
4784
18802
28537
35562
30224
21551
7601
25183
47754
36509
33801
42336
17108
31119
7156
2177
10446
13176
35676
36638
41473
30025
44604
41844
946
31209
22337
22422
18223
47479
19372
14079
48449
19849
40640
46573
31838
45916
1687
10523
2944
44323
18360
4071
24459
1770
18091
23669
31977
26293
3326
42068
20619
42570
5395
46281
27456
20261
24516
18901
4265
49856
33926
23861
35548
22057
34382
12333
37527
1725
24903
40419
41518
28122
12532
19528
9179
29069
35659
28975
7811
39
29608
4702
45517
7401
8903
31077
37596
43698
23467
25945
492
12040
9104
45455
13918
47579
44709
22706
47333
10604
24449
30441
48571
25965
32462
26499
13484
28231
48692
34371
5900
49550
12429
20302
15718
31804
5874
15838
16484
45187
19612
5361
1229
19827
36489
42216
32188
25440
38037
11951
8350
33171
22143
45535
34024
17605
28519
15624
22395
7399
27825
6840
26764
42662
25293
41018
1142
43813
48343
14538
26286
25690
210
8749
13254
4895
28455
5576
31207
3441
49811
32412
26378
3759
28276
33871
2438
47076
8839
43754
4513
9567
25535
23166
25489
6157
12529
10297
7263
48063
17113
21345
35631
22316
44554
8998
38625
24871
24384
10180
4611
34936
20428
30834
38031
32226
41156
29455
12017
27881
44446
21525
24182
24699
22821
18443
5159
25239
31330
35906
39597
42323
6060
31938
42889
45895
30972
9948
4034
45148
32051
8406
10952
22583
29817
47624
23457
37325
20876
20228
49728
6294
19181
18402
18113
445
23801
23248
43749
6161
3170
41344
38749
28419
3398
37644
7034
35581
4541
43362
4908
11682
47879
36842
7566
41725
33016
30965
8222
44686
20198
7884
10853
37274
45164
10580
32256
19514
21379
10440
49643
9040
16202
35609
19428
36784
36473
21751
31034
28472
5195
29503
3776
43279
13475
42341
36478
9150
46223
17003
43731
7376
33553
48876
32071
47928
35333
5510
18392
49711
35597
21509
17021
21162
11589
30483
8869
40811
23407
10859
5927
39309
49130
28150
5425
105
22382
35419
19511
7740
38264
48219
19753
9155
36055
5742
20664
15590
24211
1755
21101
44331
27820
41415
42052
39797
10532
41404
2415
9598
19666
25473
42411
22086
3731
15661
13065
216
10404
22920
14298
48225
42117
22118
12893
16734
10035
44478
15066
41720
47385
15280
18138
46829
4842
5242
34259
13485
13320
28852
23740
24304
23471
45163
12510
33811
24945
49260
15892
37941
7347
19806
1125
4270
19008
6680
17129
17236
18451
46050
39636
11544
43518
11620
2454
32401
13308
49957
35146
29578
14575
49509
1298
4653
34179
33674
5561
12987
45833
36780
46222
11639
48782
12467
44140
7858
38796
5377
47909
43927
16069
39641
5810
18353
40352
23832
41036
32298
24031
46312
11817
18053
18903
42596
14221
36621
21357
49557
45989
33176
12758
8982
27007
48068
20185
18703
5288
9997
22696
36561
30074
16534
2048
14580
13737
33525
25040
39396
49872
27986
42653
2374
12089
29950
6268
26237
21088
32866
16215
7776
44231
37436
40151
13961
43188
20024
34151
47972
31853
1689
49478
35981
43651
23210
19266
33901
31891
24052
40815
28466
37807
28552
35000
34290
24854
23280
23841
45942
788
15942
29371
14004
32899
8748
47781
24233
13680
32585
45349
27295
8285
44827
9339
20666
34542
11482
26116
44342
34659
40221
19042
6440
4796
13479
20366
43097
34061
2780
24415
505
10866
25339
825
47587
10389
13980
15025
15318
5321
36025
37298
6515
23633
17258
19039
16076
2733
48525
29386
26533
17039
20335
30234
24531
19311
14604
31986
14620
19234
22475
7957
40085
24120
11177
13138
28022
39669
25225
21453
1165
1738
12995
3129
18311
33323
31715
29264
33298
9506
13852
25381
21051
39234
8516
1791
23101
16130
39428
6799
39727
24788
42385
11404
25057
15976
26892
26638
7778
31913
35798
6878
5251
26831
36199
26572
13311
43227
32009
9263
27225
22370
48656
19780
49502
21493
2753
39742
14535
16925
14220
21026
11422
17796
38889
38725
49151
48875
43978
20174
22798
34129
38545
23666
9244
4120
6356
38233
34242
45520
34944
28046
32922
39718
24838
17911
36634
33807
9680
47435
14533
27901
20376
48734
28296
23702
13608
27447
22578
30086
47622
40669
46114
24436
16957
29515
636
46758
47761
48951
46664
17388
22226
3994
25114
38803
29868
14459
10100
32622
41963
48634
11911
43997
7087
1917
19214
29617
24985
7644
31086
29557
11973
37173
12706
30608
3783
8327
27366
16284
16363
19182
5962
7997
11173
18316
43557
10209
20590
47619
16989
26733
34536
7850
12606
27448
46210
24174
27600
24770
15858
423
1048
46418
39873
42817
25063
23781
14306
24443
44223
32987
13624
18172
47441
27619
45940
47453
38396
42574
23138
46162
6057
8840
16694
14312
42722
4483
35702
34874
28591
16506
46291
7671
36617
41798
47991
11321
14085
7633
11095
3911
28704
6947
23944
1668
11113
38238
7988
40128
48907
20375
10299
6491
30169
39188
4870
8164
16633
17541
7256
18281
780
21999
22210
10557
35323
12021
14581
21022
27656
18541
6948
37324
39578
45358
27592
26771
20930
9100
43095
14547
23349
22007
9122
39190
4957
36360
20367
26387
45291
18142
45624
11884
49885
45830
15940
48980
4003
29396
45040
35717
47937
22366
21207
12485
17688
35237
37906
1612
30305
13047
19905
44716
16854
36195
12909
6636
42277
47382
45762
31041
22982
33145
22953
29659
25094
4670
6809
8813
14712
16824
25461
36304
35048
43424
7424
4576
33600
32608
1511
43126
14912
49910
37389
8649
33237
14408
21557
13489
1830
17319
8753
22916
41642
9433
13872
4226
38814
26204
24720
12308
46957
42700
15185
6681
14286
29064
37899
48794
44798
35733
9669
28916
20036
1034
32118
48519
3844
2985
5618
5200
20995
32408
31492
28989
6601
33664
27537
16813
26220
23937
30537
40967
12984
46419
5624
35466
43452
17802
37895
44569
21146
33450
34483
13056
43853
16753
38113
47220
20429
14489
135
31920
32824
34346
26858
48904
15077
15303
34485
33739
49484
14774
10638
4694
48945
24975
13754
13777
45848
8505
11372
34233
18889
46971
45659
26661
31237
33772
42148
21590
42112
43962
25794
3749
18939
6992
27297
15276
37853
17932
36639
17542
20602
2979
20771
30502
34544
24990
28211
23705
28588
42081
15495
33593
7130
38276
21616
37802
22049
35898
32042
31902
13905
24508
18696
15923
22450
46643
41262
37339
27771
26734
19635
42593
31889
40406
771
22781
33317
28566
15398
15770
36999
29637
43576
30654
22327
34505
18467
23117
8914
43288
2684
49471
37705
33495
22543
46551
29574
26585
27484
18589
30539
21968
8602
43803
32017
48863
34925
32884
19098
47295
33366
4312
19222
40384
20833
12275
21517
22062
20686
49705
31370
23134
19424
1863
17393
19908
33774
29222
30925
11438
1353
20605
41891
28535
8197
46813
12006
26350
23107
47436
31789
14118
44568
38985
33263
2700
41902
11210
2103
28940
8706
2424
47841
21341
25797
10994
37912
2702
40555
39788
33922
30114
41111
38616
10057
41153
35430
38562
3806
24159
25252
1857
31362
46919
37684
18711
30906
18572
49024
22292
12942
43649
47706
8147
43684
25173
18911
16847
1744
11406
4318
46400
27985
6261
12785
32485
12517
40626
26036
41889
7356
27686
20070
24808
684
23539
15094
8420
42111
22014
21476
30746
1251
1011
21722
38135
35532
48741
15890
47156
49837
17527
36465
27823
11282
16106
8808
38954
853
214
14675
10775
38675
34407
16949
3296
48710
21695
46866
20567
9353
626
48507
12053
41228
37777
12714
38482
10540
41420
49413
7161
22926
8854
44294
17261
2549
47805
7664
40802
9704
9019
7304
31151
37395
11916
44950
49731
4269
22732
3924
32228
49753
29761
26768
29087
18731
23254
38284
24827
35861
31333
47112
16868
7403
24333
37813
47377
33388
41206
44276
36238
17121
9883
45267
48454
35617
3887
40786
13113
30328
33976
1894
36623
35124
42506
18162
28813
48470
27401
17510
44163
34690
18141
27232
9453
48066
10607
46626
31684
20495
40902
17502
13513
18009
48390
33051
15716
30317
27659
42034
14805
14886
28848
31852
34845
21506
5490
21604
19523
30500
42901
22484
3045
35566
36949
2748
4713
39517
17585
28215
5448
19455
16006
18750
42848
27283
29059
1876
27452
11688
26798
1892
46166
37572
9450
13694
33648
30204
30465
4147
36446
42647
17370
38512
13912
10814
33592
25031
19754
8977
17307
35317
48737
37931
3651
29194
18910
15756
48729
17954
48732
4693
18374
33079
25816
7484
25128
7926
13322
35101
47935
15530
40261
48740
46659
38258
45983
33970
12771
699
33736
33535
29187
29894
28929
11452
33385
31820
23399
17299
15090
16799
43252
2265
33348
20946
41295
45836
6565
19844
48830
41284
41689
1031
1959
26247
43982
36718
5993
16856
7440
47325
27632
26525
3028
12460
11503
43932
38801
3065
21504
40525
18895
49149
31102
11637
45693
3960
49210
39043
34052
20887
23683
3823
15233
20202
41941
17982
21769
21322
47300
27027
24947
2854
13906
32817
35576
30983
41279
48972
27689
6586
40688
4929
31074
33896
29603
26767
26097
40985
38172
39950
42651
45194
26903
34188
25855
48482
4249
17959
41358
33499
8471
6147
27443
7467
22282
38627
7410
6493
29298
6148
6063
2948
1179
37661
44000
42279
3511
46907
8386
28089
22354
2784
16263
16606
5813
11476
42239
16507
11609
49114
13200
49262
38579
18376
40370
38323
27557
39944
7751
936
45034
28955
16084
40331
29376
6843
1958
17801
7179
23531
6817
33333
19175
26862
44958
31682
24160
18476
28202
7250
9687
26449
12465
38733
27662
18862
37825
23007
33657
44952
37196
28691
6192
4661
17828
886
23357
37611
48480
29651
9850
40648
19463
48041
49181
29074
26995
20118
2770
36379
18032
48013
12342
23678
4724
33115
19357
4162
340
30469
19603
32895
20864
40298
12748
32025
15288
5693
8511
5367
29458
41556
6789
12375
28997
37547
49979
22273
22280
30810
37063
17951
6025
35904
8614
3756
25333
24338
45438
49620
37018
42489
20530
24130
27550
42362
1350
19868
46604
10815
40239
35606
23753
37880
8266
6738
20114
28111
10278
2322
9000
47774
20364
12713
16214
44024
6602
37634
23627
4614
12136
11600
15326
47013
20449
3019
4070
7309
20513
35017
23034
31279
43101
13662
28277
35457
30290
32541
20390
39779
6211
6410
25862
33149
24245
3363
1430
22468
13959
19832
49048
20150
44585
47410
32282
45312
38393
24718
4418
1233
39123
39086
37698
13534
490
25834
13928
34312
15510
43897
23894
9745
18668
17988
26642
16921
1467
37970
27459
28042
22634
37362
24430
38366
25656
5602
25455
31572
31582
34955
6869
47900
23225
37952
43022
42552
21131
21378
43217
41252
7809
35144
33870
24608
46493
3666
18542
33514
47908
49641
27379
29269
12625
17714
48269
42162
10626
40465
45093
7913
17462
38043
23132
43144
20601
48663
35697
32075
4819
31088
45546
14744
28927
38152
8109
730
33339
23463
12195
31247
25238
11144
11311
43303
41362
23872
28355
33687
5629
1733
23489
37289
24166
30948
46557
14390
45189
3615
49596
47770
41543
25185
36184
2984
19520
5928
23612
221
45800
6203
5680
24090
17533
25256
8477
48333
35571
30739
47518
23148
21050
18540
17254
35635
41045
38173
26539
44205
31558
26135
11908
34585
12125
8592
4165
6277
44158
41703
21776
43872
5621
32947
7560
12256
24862
19435
2904
31277
11718
47726
21530
44185
12175
19857
4556
16238
38133
15380
7701
43937
9489
36879
44249
42984
8
16236
4474
26214
23712
26994
3983
5484
1591
23975
9114
49555
45100
23264
12751
40807
20991
35579
27246
35488
11002
29878
421
12044
28673
47599
23504
38510
17202
23526
18768
34868
12408
14505
4403
46113
34281
26390
8674
34135
49147
32712
29695
23577
31221
41438
9959
43319
32451
21105
44663
38006
13068
38891
9990
11510
39289
44026
31879
30862
46060
2240
30045
10521
11576
12693
42274
42873
7127
40823
1397
31350
36511
25598
46862
34181
1428
28505
43852
12572
31453
22660
8045
18701
27903
206
27505
14815
30847
19465
20546
23635
35414
16147
32417
41728
29159
10059
41947
743
47042
42410
31568
30619
39764
44782
49491
49543
12737
25004
47933
48080
25717
35282
34427
41920
17631
20129
17603
39996
8911
11373
21944
43650
897
600
8475
36855
35385
29179
38096
27188
18623
21256
33047
44548
43768
37584
14565
29277
26484
20327
17973
26605
10809
20749
1607
13732
28309
39329
15481
84
34658
23935
102
48605
46593
40963
42231
16228
43594
18606
40569
47313
22453
47001
1110
39482
26698
45114
27510
47175
15325
26053
20784
38498
20060
42306
42454
19340
30575
36406
8510
3946
32283
20067
8065
1703
14254
36150
37444
38430
30556
27029
45068
45586
18480
29563
35068
3478
9529
43149
6419
43391
35554
41325
23481
31480
49983
37423
7113
27720
11837
15658
1278
33226
46353
10531
41049
9424
43699
40614
42006
47941
30679
30090
34669
40408
8412
44948
23389
6318
27824
35584
38434
40957
20345
38041
25079
20291
19790
3739
43466
46077
10590
31252
118
27170
35728
16834
12494
9755
28182
37585
24830
48005
44783
44415
23917
20408
46010
2662
25349
31064
14772
40357
36841
30078
28742
9872
32415
34638
41286
15910
28853
4822
8580
17448
5185
40047
38712
26186
10402
33247
17242
11158
21606
1109
29125
46381
28654
14796
49815
18194
31202
31805
28462
20722
7443
23279
20177
27050
41843
48984
7610
27961
36026
36544
15659
864
35792
32800
28677
36897
9001
7676
9408
16142
24704
48982
34320
9206
7549
26517
13782
508
28652
5456
5980
36558
1944
17187
14832
43266
7270
33560
39805
8116
17833
38724
11743
12764
39726
364
41334
33645
7062
4698
12822
20732
41535
3820
8583
10217
20266
40718
6978
26514
29601
33816
5880
24247
39432
29473
36419
16479
9802
31603
34004
27423
32759
11121
40535
28144
16483
38630
37904
34930
12473
40424
48374
34887
33538
33986
38241
49735
47359
47799
11309
39242
3101
44988
41119
10428
35207
43891
10581
2207
36467
37878
32307
33188
2743
39943
12839
11132
4267
13550
19223
31014
8308
39020
36754
13567
19049
45334
28725
49091
8520
6782
46173
39171
36573
9834
36075
40847
6388
17619
49745
5182
40052
3558
40554
8321
43243
34336
44513
839
36081
40095
31650
24315
37827
16630
35775
15701
4948
15765
22490
25472
22138
28050
47135
39594
7526
28685
27092
5866
39842
13739
47884
19948
48143
2494
31056
6505
40919
24705
41215
21634
46422
15742
4510
33252
18777
30821
7990
36679
1925
49473
32482
29112
44307
11202
3508
34998
29940
7202
22278
27847
1120
48484
46872
49447
30005
33278
29852
36266
26341
5821
13836
11896
2827
11484
14803
28263
28919
33716
33867
27614
2508
22235
12358
25698
15206
43360
45716
25667
40998
5582
20313
44256
25028
36305
34435
25596
29687
38960
24092
21669
36371
34663
29081
14395
27752
2118
46547
17494
40837
22527
32686
24027
44762
1328
18185
29126
26779
26025
44008
37419
17682
763
10158
14373
23898
1693
22556
44691
33267
25609
39050
136
21511
2450
3456
21555
42040
34795
27821
32878
1637
14296
23257
42754
26101
7759
19021
4521
28801
24485
34990
3581
314
30440
37080
9562
13400
28820
29166
33872
18519
12277
7905
13667
28177
657
17997
35859
57
17052
43898
47898
15561
6888
22164
41788
3445
2645
42689
14894
36801
18983
25620
1783
49424
25453
6899
30301
20625
18936
49042
30963
6219
5171
10780
43810
9843
6754
16277
5593
8329
41333
25322
22955
38665
38024
36133
47789
15797
34443
31101
7691
22333
10168
46437
17598
30668
9670
29821
31383
40088
45966
10764
3635
18991
35093
12899
43580
36767
13209
42561
15759
30817
4030
49892
31798
26000
29021
3452
4180
16948
23689
14704
6397
7630
49483
28375
37294
24437
38704
33762
35827
26294
416
10529
34459
49325
42709
34776
12792
31368
3977
7794
14766
19446
15570
37105
26007
7145
30612
48868
23506
30499
30675
4754
31166
25201
36173
25491
11780
4722
46355
38791
42518
37678
28734
31737
41005
40217
48096
13079
18027
9368
10082
39395
21108
37340
17549
31915
7801
37245
36230
10937
33935
4112
35746
49174
37149
33575
31632
19598
43593
28217
11989
28450
627
40726
47965
47096
49517
16360
40759
18240
36016
36647
5134
21223
11625
17531
38691
10277
31442
20856
42415
3573
37627
21678
40466
41129
40434
44027
32443
25579
12955
9714
25976
8199
45132
19863
13725
29454
3203
25257
10003
2485
8578
9829
46698
20117
28369
38060
39285
14144
39281
32889
49080
26909
13055
39795
27024
24352
4760
9340
31918
8490
38346
29722
77
35113
19043
7847
28389
20821
21446
3636
31695
16770
27081
12464
865
38926
36592
18445
1660
40531
38852
3119
32521
46343
31811
34803
18695
31004
2568
15107
47822
18840
7507
24966
7857
1016
19198
9477
37811
35007
47129
21716
15952
10350
36658
49672
41191
43117
8552
35351
12805
15975
32245
6582
13279
16013
49188
22418
24907
37614
30602
37320
80
10907
35357
4786
9011
28724
14162
36937
41640
34901
30508
5386
31751
37263
34783
28965
1696
19252
32550
5345
17399
11752
11071
38709
33691
5595
24621
20473
28316
44677
12194
28140
32525
3086
37292
44927
21612
36466
28097
29604
10649
14208
30681
8918
45404
758
47423
41632
43315
46220
10683
544
29032
7419
41825
17944
25829
2653
22396
29472
18076
1030
3021
24341
9694
47210
39967
24309
47723
19509
45528
30841
22047
17912
11568
33803
29971
36722
39817
13753
975
37977
19996
23042
9051
6853
15944
13991
39653
1090
21231
25894
7208
12733
43592
15313
15929
42321
14104
27696
34525
8399
19701
32059
23722
34770
15321
37911
34991
21934
17773
15564
4448
36112
49615
14931
21448
36245
29407
12178
11936
31542
14
11939
23994
2815
15013
14023
35493
8656
19825
22741
27076
27758
41588
39427
32933
27074
32309
24024
49008
43289
20713
8900
11480
36802
41564
22965
40818
44128
29443
7773
25671
27206
21840
14851
49298
32898
3569
11729
21717
22853
2278
29436
12427
25560
2555
21761
21522
8542
8940
45667
25200
49446
31750
16265
25853
19018
7706
1558
37403
14824
46368
10776
13578
5924
29108
354
23143
16490
20975
5160
3793
17437
46603
32544
28
41774
30460
17940
19445
26245
23876
33559
17224
32980
35364
28467
34379
38254
45382
31528
21735
29857
33309
45499
45753
28145
9716
21765
26284
21839
19840
33785
12846
19656
26718
1126
27782
13076
24205
8641
49775
8026
42300
13192
29686
32174
27721
42030
31644
45574
4337
30655
34066
10027
36837
41908
36704
41968
43278
336
34258
29311
37214
1057
35346
11683
8497
30121
34880
19668
48966
832
47776
38166
22039
29423
43737
34168
28055
34262
41315
42091
15870
11906
6143
20270
15256
20648
3766
6162
0
48158
34335
27613
46502
32008
4928
11226
38634
39990
6713
3486
20446
28381
33300
17690
37048
16670
20182
5929
44421
19387
11924
29960
31331
29592
38130
23704
18671
6218
7126
8536
14347
20673
34577
7992
8443
17662
40893
21470
40868
36459
32729
29261
20928
34197
19771
17387
44020
42844
40983
16488
33340
44172
46014
23024
36037
8071
30382
40577
22661
13451
8888
19264
27111
25054
24221
5369
13712
31455
23105
2869
12015
26717
43033
38972
29033
23460
39080
11322
12300
43113
44282
37050
37285
3348
19695
3346
29570
46653
36507
759
47735
22650
13881
36407
2935
4997
38982
34368
18604
40597
6263
30326
46037
3748
23748
14445
10728
25308
25459
48216
42403
16398
4884
6506
27487
43707
25606
15621
3362
33902
42427
10384
6071
27949
36085
9783
40396
30071
27976
31470
25404
47695
41609
10666
26008
13449
21841
10110
720
35152
9095
45089
49750
9511
36141
4204
44366
1046
41802
22287
37033
16791
14785
37104
8081
7175
12298
12954
7348
20500
25843
18664
40286
9448
39076
11875
18003
20571
27433
43818
33585
36678
47290
47521
2280
4675
39929
23018
49349
34645
45685
18595
25871
26518
10831
5555
224
28536
8685
2882
35169
49569
5047
39551
41801
34102
45645
19852
27839
39096
29012
3802
21964
38400
16211
17687
28299
38561
11870
30806
6453
43644
38774
49077
45081
29927
23686
2884
48181
49707
33219
34327
3693
21030
37747
20156
27280
10218
26330
23720
26795
15374
78
20357
3042
7442
13973
11584
23351
45168
20169
28609
7468
22909
39658
21600
23759
39850
4477
3329
48168
26224
24263
37889
33269
38439
9570
28193
14204
37004
36882
36504
14095
15978
32086
10151
34775
40433
23532
8525
42869
26283
44966
13760
2182
18969
47976
413
34011
42792
32165
39920
31122
39267
11802
17694
25407
7031
34994
49532
39881
35145
14867
10951
40337
35352
38046
12581
26022
45171
4401
28031
28839
6871
45106
26728
10654
48189
37156
49301
49508
21611
34178
35872
13334
28350
23758
19410
22848
27665
13122
19035
29162
49192
20349
2158
42907
3753
40133
27198
15020
10675
12442
49925
37862
3542
47620
20433
1285
40354
37015
39836
9194
43210
36838
39672
43237
43924
42657
36413
49943
39501
16182
35836
49889
5745
46194
46023
8150
17578
32695
36047
33342
2811
42377
10948
22628
20912
11704
27933
39202
21939
6652
6965
37579
42999
479
20343
24799
18992
29606
14599
41675
44081
25147
46771
27126
18761
48171
29056
43600
47169
27675
2220
17563
22170
1237
39059
38231
45781
17976
21492
5950
32583
35664
23346
29381
37905
24591
39671
30730
6375
23176
2796
48279
35390
45038
29560
35008
30173
45364
48090
46489
14664
1206
1001
32534
15889
13913
27967
46974
29072
7634
20466
16846
20952
32297
29675
38978
10983
31195
8482
43030
39430
24398
27536
17794
2740
37221
30742
42213
24761
32376
5020
13005
23664
43612
27519
24857
31276
10322
21831
26700
44886
45756
29034
28864
40033
13306
30699
46858
37514
20518
10366
43296
44916
46062
41488
1010
25273
20707
17649
24022
8445
39340
11022
4769
17290
35940
33639
4610
2202
24311
43793
15210
8959
49043
42670
45176
2592
22442
12637
34121
49921
2582
2286
22720
17310
34837
25272
31888
30444
37788
47915
4233
27437
43043
33354
76
22006
27958
9754
16286
42513
9491
47916
325
39066
7934
9208
49345
16763
5178
25069
47356
26869
39135
44264
46587
12618
11684
3958
34812
14629
29998
25750
21330
38418
14952
34115
49786
23442
7146
5378
3374
30934
26071
44803
25788
39272
38374
48322
36898
26483
12097
36962
19704
31026
12767
44121
12439
31347
19835
38965
29247
4360
47332
19921
16503
49715
30210
30304
6239
6516
17564
45108
30926
37691
5289
37643
38536
9807
44096
38291
44564
1418
38808
7518
21302
8775
29575
21103
21970
45765
19046
10991
19453
2718
20932
35523
47594
862
40787
41450
39630
28732
14165
1451
1620
35412
49244
46619
146
7299
40451
21983
21984
40948
35455
43071
20068
46694
7976
39946
11458
18168
14632
12117
14576
27085
28622
4400
19212
21196
4288
27355
46900
48733
12221
25990
7783
26261
9625
24305
46340
44155
43208
8830
29241
43495
6756
21049
44093
42665
43428
25487
34778
4333
14024
38251
44807
33713
18341
9828
1826
49162
40131
27884
39038
6047
11891
5878
15504
38119
28614
29884
23262
6708
27360
27868
34076
34628
42522
13318
27862
30966
46498
40382
11980
34813
21693
1279
5970
9461
16176
32314
46564
38656
5558
9366
34410
45480
11423
3932
7863
26802
7090
1740
4177
26890
8240
35639
43440
5382
29417
18772
22065
482
21197
4596
7266
13401
1694
31774
9703
30191
12076
25832
1117
7010
16968
28636
3307
17676
40683
20064
44817
34165
21469
8491
3861
29688
36370
28229
31436
40791
5544
45127
42381
32657
18137
24417
25292
26762
4972
49994
36708
49792
31637
9665
9363
37823
11272
29783
14764
39437
11929
46812
526
5016
29391
31513
12918
494
47432
12665
38522
33100
30594
42245
9756
46935
20192
33283
1647
30811
19429
24813
21224
21657
38295
35229
24834
22925
43039
33943
46221
28770
4121
2862
41603
7287
25410
18022
48718
27921
30412
3351
3539
23905
42503
26527
28890
39377
27818
9572
13620
37223
27723
16251
36610
21766
35795
6124
819
9406
15356
36314
31343
44379
5264
7994
25234
32467
33513
44721
31463
47611
39370
16432
29962
38381
44754
27231
30981
61
7524
10746
3102
40638
48867
15234
25304
13588
14243
19166
34606
203
38429
32764
39998
31757
1734
27180
13142
24839
26305
27200
1929
27138
31525
32673
18683
23329
46718
27992
47079
22318
21632
31096
35401
36011
29890
34200
29613
17284
20813
44313
16145
31018
17111
32413
7733
14291
16311
500
13569
40356
22630
44712
15358
26129
21889
21352
40671
12886
7852
32089
19892
22728
30179
37847
33478
47910
47753
22416
11842
12091
11655
565
39965
39087
9239
14334
47306
44902
18824
24687
5798
11943
49742
9369
30953
47500
12519
24943
1887
46734
23289
31415
4308
41203
4462
4878
20063
30652
9887
13294
6529
39554
5565
9160
29736
39421
42475
39993
41421
23199
25258
17217
16786
18515
24297
21680
31596
20149
5325
48761
20096
1792
24597
908
38459
36533
23957
24661
8388
33415
3917
12845
25600
7099
34164
7667
43359
40123
42488
40539
903
4539
3841
26550
5111
456
25744
26914
26993
18352
18963
16034
37102
48820
34384
18973
1077
4198
40744
43876
40288
26479
5024
31783
9688
14013
49975
15435
43199
13085
37860
30331
542
35356
31509
22003
2846
21424
32463
39274
31169
611
23649
675
26789
7098
49782
13676
2421
43777
1416
41192
20256
7089
31043
43490
20026
46248
37864
35343
29143
10129
36013
42133
37307
8297
3044
38844
41332
25897
34768
38853
48809
14589
12198
19255
29010
42958
11840
5556
14795
13415
463
41451
33571
47133
1200
12446
25148
23924
34264
24881
15157
23404
43476
7725
10594
28126
29645
38795
22913
46717
23365
40609
27427
38361
13422
42134
37703
20204
26
44768
18724
45919
46898
228
39900
27530
32566
29770
25343
10935
31393
7374
48575
47266
10443
2907
46052
24751
8361
39439
6267
30738
35521
4326
38997
14968
39748
46182
47372
1819
46383
33856
38483
21643
25136
459
44367
14765
1766
12842
26189
47623
35259
7259
21313
30366
39799
26913
19853
48329
13717
43338
1455
47250
46239
24287
34170
6013
20230
35280
26279
49389
6046
45041
28917
38809
11170
45479
44630
45900
23561
5046
5969
42765
22702
33574
9969
34331
1242
47126
36633
12873
41446
12891
48816
35844
38333
3391
18388
27754
41492
38792
48178
48760
37628
33993
22568
27406
29395
49121
44665
26742
9275
8133
40430
26010
34727
37744
8567
28067
21797
27673
46514
37608
49408
28783
27604
34190
28666
24925
32453
2522
13092
32260
38395
36228
12250
26063
49720
6916
1473
8396
37399
30102
46577
41221
13035
10040
34104
28808
27744
8017
20865
72
26213
21779
33504
42223
40719
32171
27910
45536
30868
20608
40566
31490
36881
27153
15145
16150
37810
29621
29925
34241
32286
31706
43636
6279
45714
27740
11440
44220
14247
7901
40105
25504
33683
43750
18310
47363
20874
29045
8709
16778
12122
28353
32984
36452
21859
2940
20352
38184
36487
47567
35366
3506
6913
20450
17207
49726
26512
11171
4830
8942
8595
36190
38987
25468
31503
36832
23473
13565
5021
25159
41179
29628
44529
5631
34469
15204
24930
15960
45598
39618
17471
35363
10822
24874
28871
10303
31640
7732
7201
38271
4476
12658
2391
4575
16908
26473
39452
38961
29594
30160
27810
15474
9279
29150
18956
40344
24764
41301
37241
23297
24016
45154
36925
6233
49515
18579
21122
15259
28480
44772
32272
3528
20179
34608
8174
24694
30855
44371
30545
12041
535
34095
3800
31224
47067
23353
75
35901
31006
39416
15528
26288
38546
6824
23336
14282
1099
37337
36542
6437
22703
28697
35706
42914
22639
26256
7744
24349
20586
19979
20705
35740
14109
14706
34255
23028
27066
2683
12750
27947
31597
13468
30783
23466
31722
10512
33361
4398
42361
17277
49912
40838
46550
32311
40468
28510
41598
25891
25998
40249
35920
46538
16131
25754
23614
35387
11349
133
33859
15593
11781
20012
44666
32312
42749
14343
36265
1319
45842
48056
24196
41743
4259
27864
33455
15853
22726
40748
22336
28599
43367
35616
25045
45503
23973
7278
4369
43710
14232
8326
2011
14399
18954
39331
48102
20095
11395
26442
40171
35612
1884
6606
31663
43148
25471
48959
45934
24982
20191
36560
6111
49113
30964
13099
6873
4013
8500
9907
10463
30043
36711
5579
31574
11262
1289
14586
27590
21719
35764
41046
30863
33486
40805
2165
23830
47183
38168
45719
43329
23261
28895
12393
10288
21204
4306
33143
42579
46650
7590
29735
35407
48651
21544
46888
16993
645
28421
18365
22923
12218
28340
20139
284
49986
33257
25480
36872
28184
8146
27245
15194
33799
43870
30211
2623
42070
2689
22122
14173
2110
8367
24131
37574
25344
11299
22858
42900
32145
44661
22265
23559
4117
40947
13281
45605
42978
45092
20626
3443
21814
39106
35806
30851
3159
5762
28827
20240
12844
37273
6173
19186
28030
43821
4466
41417
40117
42315
48034
30838
43522
44995
25425
26626
28204
3147
39415
39139
42500
20246
4303
21327
25059
13946
43855
38493
21996
25970
18712
27584
21003
147
47864
21855
8201
7159
27357
24994
11354
6214
28385
37386
35870
8744
49108
9600
15201
25841
3222
11856
25189
7017
6452
45217
29985
35022
13344
37043
10516
33029
49576
19322
20165
18440
30674
504
48930
9183
12607
45835
11627
6631
36261
16842
6686
38106
23677
11671
29197
36330
8624
27816
1492
15933
14670
23725
28778
30735
24896
46093
5865
1204
35136
33727
33763
9136
49523
1999
14561
5887
1123
43321
42351
4752
34297
12651
28254
16124
15868
33178
10741
19581
48843
28061
44504
13659
16570
2980
32433
15144
6043
40299
17142
27997
45448
14264
49145
33717
49687
49031
17695
20125
35737
21531
35556
7168
39586
34507
15928
23606
18342
15705
28091
17328
12047
10986
33484
15050
37407
10371
44408
41025
9157
31236
20217
18136
49076
34519
10902
40400
30028
31520
36001
25902
1720
8874
42327
30225
8300
20824
12910
24277
41142
41795
21838
39311
32586
21923
20677
11902
7055
2036
2458
29954
16088
18139
21777
37738
45676
25061
25035
29226
22933
18461
35080
18918
45522
40385
6968
30535
4680
30332
47331
12906
13291
23859
39488
22367
20858
32741
48613
6129
43487
15146
29775
32746
9185
12146
10777
14030
8078
14229
46207
19261
26649
19730
29543
11701
1525
38866
11974
37665
46128
11296
9251
38829
23638
10333
36492
2680
26093
27020
24369
1832
20816
23863
20337
47614
31481
840
24059
10870
44038
19644
2787
42511
27844
10648
1712
47424
32758
5446
39883
45858
43584
47073
43760
8557
33500
7897
45465
35372
11200
31807
17343
2284
36774
6764
1066
25492
41470
45259
41762
38521
47901
44239
25267
10465
23302
34749
17987
25029
42379
33142
42286
9199
434
40102
13284
30068
7941
13395
12335
34972
49327
28683
25395
38330
6654
41587
30895
34313
948
20066
22834
34239
33248
29773
47475
45111
17326
21691
30558
15384
17300
6552
24179
17936
47010
35680
28791
21713
1488
608
42045
4493
36006
31251
29633
8158
14686
14420
22362
12206
49537
16594
42266
14866
44297
39737
24645
27243
37393
33519
4321
40228
6374
6848
21035
32514
3633
554
35191
23756
16958
26051
43859
10816
42120
67
10437
20529
34869
8590
13974
49911
26747
2145
43179
35209
30672
21747
41563
35155
402
33307
12990
40549
37427
31956
29929
981
26232
18647
10504
31272
27278
48644
39418
36023
3339
49006
28620
21009
48969
37288
5849
49041
48035
6936
41916
45558
33272
22558
2983
32084
13556
1212
36267
6379
42867
49410
3151
31404
15856
22536
7585
35183
2072
41086
44718
11608
6476
28391
44895
33352
19557
21387
20796
13172
23025
10839
13508
7933
41513
24134
28892
11437
10858
35509
22520
18847
32572
40544
29632
33838
41655
17672
38520
4889
25115
37867
7341
24959
13568
31
23342
25886
46175
33694
40551
36648
49239
3804
38204
40477
1821
28112
17847
47387
39246
10942
34753
13124
16988
21234
18373
1683
40113
27788
24872
13059
35797
14463
29240
48016
39261
2873
10318
35436
7924
45808
4372
29202
3211
38107
9967
9268
18886
27202
42957
38169
20210
3922
34581
21194
27258
46501
9569
26841
22533
25657
33265
12197
30620
47871
40810
31054
13512
26632
4791
30374
38048
20310
25928
3422
13313
42412
7370
168
8286
23968
984
11073
37501
41030
4007
20757
46346
240
30361
14160
35160
18912
18153
15287
21099
41248
27645
47998
7680
38687
36905
24800
26056
9409
40928
7429
24125
4748
9508
11333
13960
33376
10210
5172
46394
32957
34526
21141
41135
34006
45958
4958
41174
25163
35289
10513
29666
43432
23541
2775
19451
44111
25597
35731
18855
32331
14379
15049
27061
30617
7355
47328
408
27018
35560
37261
25197
38250
31061
372
46700
4150
37195
17386
14777
1838
43598
28162
37051
48950
24916
40273
16648
28124
47495
3073
1025
15479
4365
1310
39974
16955
16291
6102
25073
17218
49624
37657
21799
42
21235
3138
21394
39598
25181
30099
19478
14569
24344
3848
24127
7220
31200
8076
2025
36600
43458
26796
44606
42451
12801
1984
45387
42558
41204
6624
34027
48223
37083
20509
48997
24501
10486
6679
25822
4481
28407
16566
7483
25513
3663
38784
25112
46474
10422
12812
35885
27748
16986
38575
21659
30394
29650
11945
22175
23732
12030
19283
32702
28941
40193
989
31796
22919
42825
15102
32199
10940
34650
12011
7987
45147
23436
26314
17978
49626
1325
48786
7878
30553
8954
14145
24652
39346
24833
15799
23755
13155
4145
5287
11569
38554
2231
32874
15488
36493
21356
1546
37824
49588
19507
39026
45634
22284
27806
35303
1050
7731
44697
36763
16871
18810
3622
38098
2086
1885
69
12451
45751
17734
42702
9402
557
27849
26534
25138
9787
48328
46861
12425
17029
12568
24353
44941
21285
12161
36202
43196
3984
21833
671
4771
39491
11001
47801
44611
1623
16671
48409
3460
6116
28631
6507
30892
17075
4037
9761
25230
21020
35595
38293
33053
46001
41960
17839
129
16841
22103
18793
13259
7746
18798
12847
45029
6072
25123
44814
40071
202
20042
35239
44694
43423
22671
41939
35660
32024
39389
25095
4716
49917
43747
36336
34513
17991
12487
40394
39931
17017
25585
20525
37278
4572
49691
49252
19231
712
16020
35433
32812
47312
29255
10338
15714
24212
43351
3560
36212
18435
27104
14246
40293
22263
293
5883
7760
21756
31552
25348
44125
27765
21169
1389
46179
32020
35284
3836
26725
20180
44160
32373
24693
9029
15244
37025
22222
23721
6022
43181
44030
23304
40100
43614
48803
28077
27333
8896
14418
9033
35967
5053
27114
40848
11754
28739
2859
43448
28151
37874
35134
4666
44084
2643
38399
24832
14695
21348
35011
20819
25688
28312
42846
34419
34940
13871
734
38171
36902
32940
33475
36321
38845
26840
5158
27043
34545
21287
23724
24791
27946
45979
30235
40417
47055
24991
21304
8334
18753
21812
23710
37523
46692
42744
2768
14066
43047
33796
7465
43170
8738
26657
29723
48964
48405
34341
13783
23164
21980
29786
39785
28461
25642
1058
29619
44270
16285
12707
34584
33890
38090
25544
17495
19407
28934
10119
36757
10222
27296
6746
48278
17853
48453
26655
5060
22975
28694
43625
22699
8955
5506
31128
1527
30882
33584
12605
25500
30977
1513
14112
28486
24171
8598
48306
20945
446
29945
45761
13207
10511
30596
48338
1341
39178
12656
1470
38757
5022
45902
43107
40635
4682
27023
37000
32221
40978
47543
25015
47341
2012
189
19247
6715
28476
22089
20651
44672
47456
10136
46954
25925
26117
29380
19147
19628
25132
24481
29082
30941
23729
32600
16815
37976
22355
4209
43436
9036
41313
4229
23983
27481
4968
32776
23251
38843
12064
45969
30782
14468
44066
6537
34680
41606
49388
28250
16012
25650
727
39634
30884
38544
38674
27837
11948
44511
33491
2142
11206
22464
15079
3103
44896
10243
15903
32486
49007
42842
30789
42495
12511
33646
23878
38507
39160
21299
17489
15014
15324
38938
35629
44967
30773
12901
42695
6465
6369
2958
49767
30858
36166
8953
46517
35922
10791
28349
11467
12016
10854
29103
33217
43349
1460
9774
24053
36285
1498
2936
2757
48721
34251
16280
43582
28230
19373
24111
17883
31199
25962
3628
39002
20037
36272
16820
42401
24394
24049
14888
25730
27944
30710
34915
41321
1348
11913
29742
32169
41813
11182
15905
38588
40484
22653
12561
698
4332
6590
21746
6340
4657
8393
41393
38528
41515
46973
23571
41865
23472
16226
46802
45650
352
34574
41457
6806
34824
9516
25678
5052
9898
42409
30795
44118
29620
16402
8217
31271
37620
23623
36088
34761
20465
29213
41915
9869
22785
2933
13387
17463
49971
26119
41517
29135
37645
20519
16465
46892
8495
39170
14097
41654
29077
5319
28715
9089
19902
9225
7627
15946
23629
34514
49488
10681
26235
20482
22969
13678
46124
35067
1036
20624
22254
10231
42965
34243
9257
33286
29963
46264
5853
22373
37918
38328
46645
3888
5460
12241
27927
12239
28803
42956
8474
10302
15898
17629
18084
48884
21455
6408
22361
43197
43222
6920
49936
33686
25427
14939
15173
1465
21486
33813
9885
49663
29327
6801
24848
6445
31461
1504
9890
8022
30122
24454
16729
40149
46372
27386
962
4729
6093
48532
11893
5537
6156
19238
33181
47349
33009
46351
2402
18257
23400
31408
12343
33671
48615
22495
48676
13664
33169
14532
45613
30096
28443
5094
10779
1624
24457
42767
27843
3899
35132
4565
7651
24028
3133
13531
15240
15106
25634
27585
13221
41455
35298
32043
5840
27776
29440
29152
17058
41793
19124
45413
43966
49371
33087
8303
30644
33908
29485
23930
34610
6538
24487
24144
32977
36541
37805
31108
19797
49428
39206
4420
10503
24789
1702
4824
5498
8466
957
20103
41274
38780
27145
24897
2345
1028
16795
8577
43961
13806
4227
28572
49286
43046
28644
35028
9299
45550
3942
33564
12419
25878
33829
26850
443
47730
35833
35858
23544
10734
40178
27968
28837
14252
20592
18362
26968
40420
30526
30168
3012
33124
8301
30044
1851
19882
27141
33951
2489
3356
17906
22530
13154
30835
15286
46174
42482
22588
10130
21906
12441
35875
21139
24388
15697
13904
34661
1535
38077
33485
38197
924
13110
44320
44132
49180
48911
16748
17442
9811
13137
16963
11110
14731
46385
18935
22496
39531
42985
44785
1698
45890
26031
22179
1577
15072
44340
21332
41256
43908
20881
34723
30722
48145
42882
716
38093
43566
3843
35716
22779
36217
13735
31241
190
48844
18529
26005
22518
2218
11374
30449
33881
13373
38734
20122
13587
43044
26940
2994
4457
48362
38261
4135
19867
9905
37044
42152
45505
38371
27784
26706
534
46595
33254
11375
45439
23220
15513
31403
26884
4020
2470
21263
16132
7181
23027
31808
37432
37093
31148
10283
38391
5684
42669
26818
23046
3246
35322
41477
47111
1326
32650
3499
14555
48218
12057
14876
10947
4298
13858
2314
32370
14130
38945
43496
10101
15012
27819
20434
31141
26683
11051
47017
38720
32123
5453
6573
28332
39489
18898
1956
1975
10290
19202
49461
48393
28188
17196
12440
26915
1793
45375
22358
32571
42860
1632
45614
45250
3998
21518
10568
44023
31529
31227
43520
30004
18733
34984
17904
24264
29820
16400
1812
30622
15349
31080
23821
19599
35395
46374
8298
7478
2659
341
1175
27226
41075
46439
20790
2490
31803
29451
19689
13316
47204
27711
19563
40464
18764
25454
26280
32476
8009
9105
44747
13326
36107
35479
26304
49499
23858
1102
28759
31933
30653
583
34000
2126
10620
47127
38669
2448
48389
21015
9441
34858
28366
46483
44343
5464
27146
15328
46588
26787
4374
8930
31623
27869
41809
26426
26680
6113
26262
20075
31547
40379
29525
20372
26437
4705
38541
6549
41489
49085
43635
18214
47225
5359
38404
28135
38108
20218
24033
5371
32755
26501
29968
1074
29789
8040
31892
17786
47399
44853
46003
532
19069
34249
40112
44591
31550
6502
36065
17472
8821
45091
15588
37908
35598
46020
32395
16203
363
31468
37497
25345
9028
27430
7193
40233
44949
20236
6805
48496
44387
9858
27442
24905
45406
44053
18286
16723
23055
1521
36992
23392
21364
38057
34780
28831
5630
33099
11824
24658
27106
572
16516
5841
6497
19675
40917
32497
1697
46204
30309
4113
31615
23640
31425
48585
47657
27687
22905
28764
9976
21671
29260
4172
35568
10828
43175
8784
18424
3178
46025
17235
46082
6351
40697
8293
20416
26883
29385
9820
16898
48381
31875
756
19190
30650
44281
45137
42868
42989
38768
32347
38285
39870
49058
16252
7173
41497
36051
41559
13396
41502
27207
43988
19235
2122
27755
5270
40757
18964
46810
2556
25624
34765
29873
39458
7638
21872
11443
23258
46099
22408
43539
15015
44535
21565
33065
39074
19153
1196
10058
48954
38564
30432
41223
39685
36909
42201
23277
34236
12810
13074
40216
28881
23081
43775
3051
4499
25263
40378
4484
37714
33466
31930
27531
32956
29414
44068
41398
49284
41130
17470
49490
12779
47105
49857
31306
16605
15196
89
19272
18631
21589
23791
17620
42870
40865
33076
31103
47239
41182
40176
29119
8585
7224
39755
13934
26788
17413
3659
18166
34784
25944
6630
37353
19131
13936
35238
45654
23127
28410
37460
20795
7291
33343
30474
46941
38132
23139
28719
28747
35599
24440
10945
31957
4002
37091
48003
12120
11963
32222
14868
27341
22662
9647
8532
28453
35842
36474
29980
37351
11530
33154
121
9205
31998
33245
31476
19912
27708
42308
10099
12728
48
26707
45637
46970
253
6191
43459
12512
18584
39648
33878
30470
3079
6002
41019
25937
26629
43497
21384
35721
1556
23886
42526
27265
3859
34270
11958
22655
20582
31713
20959
12868
23386
11386
46203
36508
30513
24542
26498
1718
46641
26975
12993
954
39772
47273
5041
18025
29310
26259
9459
36153
16910
21104
15710
36926
12061
22841
45409
39756
17582
41147
35993
1880
29075
34710
9970
42441
10147
3271
27102
4417
15732
44702
15882
27253
11276
48311
45432
26193
39079
48567
48755
6352
10458
47727
2484
26855
32007
21092
29058
21870
30447
5754
10579
13752
38417
17212
19454
1627
12774
28266
26146
38290
11606
36036
38451
10968
7864
17363
29493
25211
36810
19229
22117
36322
31592
44865
23228
12163
44034
8345
6004
48336
32623
14554
3228
9823
29305
41361
24385
13444
14205
15207
38650
47136
25731
27101
26916
32032
43050
2599
25633
47322
36934
12147
26295
49655
48700
38232
28330
1264
18258
16282
1014
33315
13722
31438
21921
10077
2404
23196
8360
11475
18557
24035
32877
47791
13216
45879
15568
8313
37993
25498
6170
1368
11880
48129
39089
1550
11612
5728
48629
23998
13251
47509
21075
11486
39583
44373
25985
7137
46556
43848
44138
33258
31521
15645
13602
33468
43394
25233
22742
94
25860
9360
2276
7191
47878
35883
19130
48006
44512
21179
3580
2399
17844
45670
13412
22978
40043
43399
25757
30854
6201
25857
44354
31780
41918
4324
25478
42499
6433
24675
30350
36556
8700
27144
28800
27848
26309
39465
11947
48490
23339
23376
46638
19334
33502
2987
24054
39897
47960
30833
4570
47072
5868
14425
40578
31443
11988
5124
33107
2589
23238
16667
39404
7774
45854
33614
47728
268
33330
49385
12196
26983
25708
10584
48038
20937
23468
29489
14179
8644
22440
20333
13488
44908
15270
2620
42703
30757
6288
17800
45110
33949
19298
23556
19160
23333
40015
27938
29965
22695
27446
39711
49974
28605
47024
9384
26824
44315
44240
27896
16472
25543
39314
40363
36803
2942
34870
1782
45202
34304
33156
40365
9186
34685
25093
40746
9090
11585
46321
5870
7718
10085
13096
37378
29750
23574
32602
17618
7728
10339
40889
30269
12482
16930
25485
265
21060
15563
10438
49320
12617
14739
35976
13109
48049
20287
19535
8439
29768
37763
9514
1096
19890
33186
48679
30684
40089
46886
1788
27434
35535
14190
22421
10667
29083
22691
15470
8039
49521
45249
49988
7777
7694
33372
15035
21325
14870
20300
9851
39608
28693
40196
34558
43464
28392
49589
23180
24734
672
7018
32440
14924
23851
34499
38968
22431
23626
8373
2166
36627
47750
36690
4588
22098
18763
26946
1191
28771
12807
19733
9543
34676
45247
47388
4536
48061
20776
33396
44493
5632
46198
34865
32399
10044
1210
21883
34254
2905
39321
46219
24312
4736
12362
35826
14217
37086
13317
15
6558
43453
48931
29756
22360
23947
44559
10274
25281
42449
2063
43302
48369
29835
36588
6832
32588
30725
25182
35984
48404
30365
25068
22717
4823
42009
14684
27099
48438
44334
32186
39290
19903
17782
44022
41817
26865
49073
27189
32159
34695
1873
23075
36231
7276
18069
46116
43333
11166
31153
13598
25398
9656
10294
18283
24243
12498
21946
25409
17241
36510
16047
47591
41826
21114
44614
38012
1186
32784
10600
24098
37128
38842
33742
28782
7198
10837
10039
26474
817
31997
8343
28422
8296
44369
33925
29214
42735
33610
42854
24692
4966
24086
23217
33823
4216
26246
11481
25158
9993
13353
10774
43931
37211
1406
34898
34511
39843
21191
19951
28561
34
40338
23335
32045
16823
48230
9732
26750
44399
19721
47252
6409
37728
31118
24477
1896
31363
27019
47280
38297
45826
47384
23583
31146
28528
31996
14587
10745
37622
47211
19359
3918
38032
39386
2016
21574
31995
38039
29930
37924
47529
24980
42773
30092
26848
25014
19194
41756
39901
42532
12052
35741
32518
20933
20304
5702
46824
27774
2998
14978
47528
26308
25591
4390
20926
4980
4616
24972
3892
11618
25204
23153
1965
48349
46193
34912
5559
23507
21507
8498
34774
7660
3650
3411
4502
23001
23343
44913
17162
36778
48318
23660
45623
31365
18375
43073
8196
29111
28373
12349
30146
31867
14864
2634
49329
43323
39815
26145
23550
36194
43265
20541
48753
21347
26509
20025
32549
23699
34798
26765
33775
17022
9630
48261
12405
41590
29584
45159
39796
12596
3838
24766
36122
35550
42663
36250
1919
48831
21276
22587
34089
24665
13152
24584
23672
8717
22227
38947
14922
37521
14564
30648
36871
31328
36495
16616
15712
48451
38252
48983
31553
11253
40101
34506
49066
46089
33172
3863
32449
19073
6903
43764
21508
45365
35100
28799
29040
17500
3778
5030
18199
9626
35669
31071
34725
9577
30914
1776
19333
35519
7188
17255
32682
34548
24365
31748
42250
28208
18505
29432
22797
30637
23171
48327
35666
3245
37111
16579
10882
31292
2027
48893
24165
19141
25763
6980
23605
16883
18989
1988
35105
575
10864
29475
45341
38067
8694
46716
20239
39003
28018
12222
36028
21656
32217
46927
28814
5390
44187
22809
15886
46036
49657
22544
39186
34681
34815
39487
46568
18464
25113
35725
14113
33005
42330
14435
38818
35754
30346
1382
9697
1172
30521
24322
39308
9963
24126
49457
13135
29865
41544
17615
9988
25229
46453
7629
27078
47621
537
34187
48909
45884
31880
431
49747
32473
33946
49890
30042
42338
34602
40828
34528
20726
49456
33197
8661
26441
37151
20007
2259
42161
19285
33892
12240
27918
35601
29420
3234
28954
2189
15647
7048
32472
8957
47063
36178
28040
30754
38580
25242
5260
25557
31639
41033
28016
32064
43798
32406
39582
47600
28896
40018
42716
27431
23980
7620
3062
12641
5716
35396
35378
12329
25009
49290
45314
5651
7640
38083
33746
17006
17298
17120
5580
29677
38186
27909
4811
41245
25088
35398
28226
8375
25939
44465
34703
24213
27405
20373
49216
16609
47080
10178
38969
27334
28100
25502
10377
4668
5669
21106
39032
17769
39473
29025
23727
23402
2217
36428
19227
7703
22091
45789
32390
44361
29505
33446
26927
21548
49243
592
17173
31967
13232
20247
15499
11885
40002
8939
7682
28773
46795
37014
42155
1324
6701
33203
45878
2073
25790
37431
44523
39942
20309
21011
37650
4862
42215
12775
26023
38419
26467
33506
28094
41662
6118
2650
30897
32426
25723
5427
33161
35397
5922
8050
411
20393
41927
35082
6951
4200
39496
6058
31469
2070
288
28875
24504
594
14370
10571
11478
4934
11772
24091
2106
1136
37609
32420
6376
26158
30778
34552
48221
45990
48366
37440
29682
40147
48416
45175
25457
18
10148
2500
39181
23235
30154
44061
37470
26181
2871
15381
29590
31256
2640
12986
23518
45401
6508
23317
5553
3732
9914
22126
31932
2778
48514
34470
25791
13956
42944
35163
20834
1342
15383
29405
32257
35279
34369
15777
1369
26225
27313
45918
3337
28029
26438
26674
14086
47925
630
47466
46561
37036
49512
23734
17400
46505
18650
31740
4236
14424
46012
31120
33236
286
28233
4535
26454
11010
25340
41794
48234
43703
24962
7945
39958
47036
13292
25581
46458
1849
13338
43019
29302
28426
20900
47569
24669
42818
16062
8047
5233
7142
12208
33048
33733
6627
24360
29811
26324
11080
41633
15772
5912
2916
41461
33189
27980
22801
18106
10097
23187
35620
25760
8311
38097
41091
25179
24043
20419
27561
21792
10608
25184
43247
9497
19103
4073
47782
21195
39393
24484
6866
36196
5445
30088
49173
4061
8878
1664
47489
5549
32999
36605
42375
44501
48081
35786
16482
1986
34687
28343
4439
20956
12118
1916
41419
27282
26713
37831
13269
36940
4141
45939
25021
15292
7842
24194
32391
30407
33045
16134
25365
16772
49429
34092
32683
24713
18999
11425
8838
23986
4837
42963
29534
26228
47545
27168
19109
3564
2652
9903
3947
15190
37994
9054
31911
46725
3171
49448
31949
28222
15830
1163
20678
10029
43718
16924
5402
48562
39783
19443
1317
43034
34403
37240
35761
12171
25854
29049
41855
16386
28388
26895
12074
9657
9475
17079
28498
14812
4256
5299
21781
21013
15462
43063
3402
42100
18338
39107
24574
49541
506
19378
34996
34582
31971
11866
17332
23318
28259
20141
42137
28692
32197
25167
43192
3368
16258
22510
6400
46621
19169
21568
44969
12671
48375
12971
13726
14210
7420
32920
23490
28037
38140
24154
16469
35270
41236
1947
7719
22183
45158
13048
24262
6690
14274
33975
35962
41140
41445
23072
29581
39705
23675
47216
33914
28819
7285
21997
46633
35196
33900
21644
21988
38863
32693
15750
31893
30781
12782
48268
44586
27164
27131
35782
17901
43726
18399
29646
17535
38689
10470
11753
10553
42460
26567
38584
48826
33828
20074
22904
46315
46982
28158
34773
47808
2079
41238
9548
32707
551
17466
22234
34931
26917
40570
12597
19583
37928
37818
25660
19505
702
2077
19341
8997
15261
46522
31732
34257
11184
25026
30139
40645
9768
38551
47165
35329
29428
40879
3006
36113
38423
28470
4055
44684
26497
14146
22985
39008
34952
46969
48787
18574
27169
40158
20284
36702
13657
44059
29755
37180
4781
46348
8934
48354
640
31770
23693
26033
17269
46793
8082
33596
41323
18026
35324
5184
4186
45814
15815
3487
11559
41638
2486
48757
3700
34988
32403
49995
29048
1797
26619
687
19585
401
16519
20328
24879
19154
7658
48467
39030
47570
36232
30646
16575
28679
24007
21367
23432
35592
39103
26487
3671
28178
29655
32611
1553
15073
9328
43994
26038
20259
34760
40485
34020
22085
44389
25251
38729
43058
26457
15246
2062
24266
18517
12438
12394
34185
26300
6857
46192
22620
30542
12039
49439
19856
20761
48334
49520
49056
37943
35504
41350
48928
26522
37654
47251
2924
30822
39657
25847
23960
43838
37538
24555
33845
32333
36661
43627
40474
37127
40343
5719
35437
25151
29469
47644
15837
7178
48002
26772
35293
23300
39017
11698
23902
36836
11090
41856
3295
41454
30040
35498
35131
11363
47948
2441
41015
34609
46477
2310
20146
36900
38735
14714
9148
33294
816
30338
15229
25117
14687
34131
6644
2328
44584
2694
19743
26496
45870
40154
44994
41550
10885
21213
807
18177
35334
8793
24562
38821
18869
42357
19328
14755
23109
28195
22456
46581
29642
29464
16751
14135
39622
43869
27636
10714
14697
25711
10528
19161
45596
49973
36887
8682
20394
14159
10034
38683
10471
19888
28913
48521
25683
24463
4134
5568
130
46816
7121
39696
32942
43438
47378
27796
32061
26658
26811
1448
20224
17612
43211
38275
32896
31924
34090
47485
20257
28901
36891
28635
15591
37076
43509
25441
2134
44626
38506
6038
6377
14319
7495
7532
27683
30900
33449
19794
44186
785
33084
3982
41673
3790
8632
10561
31062
46864
36725
16293
27743
28817
3872
28977
34572
4161
24953
37791
37594
3352
26396
27190
13252
38300
31939
38646
21427
24173
27800
6816
32194
7353
37670
33977
26060
5193
27511
38888
49342
48652
34214
29073
16353
23652
42414
19576
5210
33670
30280
24525
47393
16109
6599
16407
10447
47762
27422
35966
38142
46814
469
41990
33655
29631
33767
22604
631
26270
45177
3232
10179
4692
25143
26301
319
28086
22998
5070
16728
40359
7981
48842
11367
44989
3412
17996
35241
16638
35123
3216
19029
30574
45527
2731
43687
1411
6234
16745
27371
15503
28339
23682
35
30749
11494
18280
39871
26001
16098
25302
12580
11400
13476
31483
13922
46146
42097
4276
35646
33052
33356
9070
46111
46190
39018
31845
44040
29502
12710
42158
47379
11044
17797
7659
30694
13917
6100
45768
16581
15440
45867
2818
28288
7158
42389
4820
19543
1094
48549
36860
911
18333
37251
47265
23812
16974
4542
23918
40560
316
47993
2626
2456
972
40505
31170
45620
43665
32011
14236
14397
31303
35615
44934
48474
31773
39345
38192
24444
37239
46786
40960
36311
602
27289
21876
41868
15668
19573
43080
24904
35912
38990
25419
22977
37812
27658
17528
46613
20159
1263
35164
46473
12192
36683
15480
27418
16207
43168
5429
2150
39954
45319
12936
9826
24910
17262
23064
11871
27369
3608
663
49445
33151
27273
37124
41887
3250
2526
27842
3822
30501
10614
24551
12536
37859
45839
40283
31848
6553
29427
9300
15199
5583
40316
18979
32296
34017
4987
20260
8613
24228
47942
32323
38811
40991
7505
7387
3328
26714
25334
15964
20609
9813
42539
16287
8833
19365
49962
34467
15040
2507
11219
37162
31595
19
46558
29232
9530
3225
32254
45043
274
41060
28918
3548
47889
2476
43104
45378
22335
26002
8204
23624
36911
8110
16876
10261
24
34465
24889
37930
2721
35586
10922
49268
8663
11306
21918
49773
32955
27222
6110
39567
32645
2525
23719
1951
41407
21150
18994
7155
49163
36921
11578
33318
39324
26597
30321
21638
24735
6796
35473
42331
18891
25880
23252
15867
40247
25297
33375
25771
16478
35968
39620
17007
46434
43626
32637
37990
6215
40918
16635
26421
35489
31532
14359
31630
9927
12863
43413
3303
16423
47222
20779
29068
20383
26394
35841
2893
31131
29156
33428
29739
37262
44179
45239
48315
24350
25986
34397
3824
1201
12121
26367
24113
30911
34114
41919
38640
5065
38165
35891
29127
11148
41782
45149
39007
38294
46142
19230
37414
33824
34029
31917
31197
44560
26028
30552
22437
26582
32484
21887
43899
4305
5476
33621
40368
29805
28306
28473
22991
32130
18832
33675
30887
4739
9860
26813
13477
8258
49215
10846
33630
1663
10098
22266
2783
12950
40377
45770
26560
32882
9796
45837
42527
25664
38207
26551
8489
11303
8166
32117
37794
16863
26601
27829
33472
45099
19630
30153
31332
43267
507
18206
26830
32761
26893
17384
24828
24370
35367
30008
10802
27291
25249
6885
34074
36046
12577
41961
7820
38150
34989
29271
13236
8543
19930
28513
9249
35264
27277
21985
33132
21395
25931
22584
21572
1138
13909
30248
28232
16651
4926
18627
44225
25356
4072
34430
29014
17272
24615
38143
46628
17702
13601
32163
24711
10744
6119
40625
26292
26196
13887
5010
38727
5569
25013
32830
7170
19929
1235
30876
37003
15703
2845
13883
11384
35216
28483
47719
41048
32346
27955
34370
952
40532
16916
41688
674
43695
25174
43085
3584
36290
46057
6876
17626
46932
35919
27936
11542
17099
18109
14820
45386
26392
35171
39886
34651
37806
5150
32149
3532
30287
141
36116
49282
29764
33287
19374
47693
23058
18894
40405
18412
19970
2038
37839
48212
32990
10880
46765
46395
49476
39220
30471
26428
21217
16033
18039
20452
11133
3459
47217
4540
6360
14142
36609
12841
44238
44277
44763
19680
30226
6793
15851
40121
31309
23904
5130
27176
27652
47003
30640
46997
15248
42218
9992
19918
31459
11201
33208
41496
16593
22795
26741
15622
42752
43903
17038
25193
37390
35374
4903
26425
47062
35877
12128
39352
21596
39338
43773
47455
5254
30419
25934
16699
34707
17149
14638
10498
26155
35960
34032
35128
27890
4442
23327
39807
6699
17810
40207
1073
43851
8259
17476
34167
17860
25807
7302
33932
12110
27787
26553
14235
36030
4617
41233
33141
41056
3488
18117
23006
17483
33877
39889
48272
8131
28752
11330
26839
29713
108
21807
8423
8607
43209
13218
13106
7788
39402
31336
42680
4291
43688
4132
502
35876
42782
4094
3149
17374
30873
36799
29921
12348
7494
3785
34056
18468
28063
19260
3239
44115
43151
3799
43935
42429
31843
1905
20098
46808
18926
11892
46617
12616
27962
10326
25576
25314
39278
49081
26805
27376
46524
26691
21399
43023
6897
24532
11763
6966
17771
43404
41311
11768
38325
4307
34247
43079
28400
46580
23780
19860
30704
31012
36978
13191
32349
19015
7136
37979
23880
41820
29351
19262
45696
1706
26465
44144
18611
47049
44287
25121
13626
30368
38862
30241
48251
22503
30281
36409
15421
15682
39317
36094
26414
28637
49732
31058
27895
35252
43508
9668
22139
38086
38773
40621
17565
2848
31963
8905
17317
40481
36365
29273
34741
47589
9638
41329
43060
34502
29799
48722
28991
6344
24820
8628
36344
40904
30903
18102
1659
8743
39614
22737
39966
31534
29251
13693
13985
37679
22130
47002
10479
47788
35227
39127
5343
8272
11993
44547
1130
45049
45822
33019
21007
6600
43467
40704
418
13682
47361
4149
2908
10738
31840
28625
2105
37526
35803
27073
27640
3901
17220
41507
16879
23290
35253
10997
29349
35161
49419
41987
32603
33442
35392
48709
14136
36207
49618
30362
11028
36564
27326
60
29517
29740
40941
43784
21500
4069
22182
35142
19950
18074
33678
13706
42166
15160
16523
16700
24328
17199
6447
6640
34330
7072
47617
21316
36889
11231
6593
33464
48205
3161
11632
2319
35849
30155
48516
15449
34013
44875
49764
40473
49310
13242
21824
37109
17432
21696
28548
47698
28161
2826
41561
4707
47178
32975
9383
24276
49019
20769
25008
31015
32750
2267
32998
11610
33241
16996
38645
34732
36099
40336
18525
4952
9440
46796
43862
16485
48150
37326
11787
677
43214
17267
24271
31225
26389
29943
34549
48122
40201
27725
35902
6257
27186
7434
19449
7793
47596
6238
5063
683
45576
13656
14617
29267
47275
39919
26744
41266
31206
30852
6430
18919
17880
33952
441
43212
8431
11925
14967
31055
25599
40212
9379
36737
31312
27299
24371
43447
22147
32916
5598
35342
13446
15641
31140
45516
31390
43410
6691
31250
28842
12655
24176
7119
277
26929
2673
87
37756
23204
28107
9836
14619
48307
3679
10041
41303
16249
17610
28982
49692
45531
18503
9558
20443
46214
32992
40167
6722
22957
5488
11714
47323
5397
44592
31139
28249
45487
18715
29216
31755
20576
44953
4486
28840
14544
5667
19005
8224
28172
13382
27236
21861
48262
11340
2577
3916
11931
33566
26581
43774
28159
45037
46681
29479
22761
44845
31743
2713
35698
30105
24307
3279
35471
32258
11957
6938
46072
16262
15606
25236
6907
5098
41946
4054
11735
42736
26039
49095
30804
35690
41539
39890
40494
8746
44219
30881
32512
22859
12313
35441
34973
34867
12155
44181
36964
2797
30614
33962
37224
35403
36193
38313
13704
24419
30288
16126
11994
45554
33791
9793
44777
32593
2271
32218
20342
6195
371
20206
48614
48798
8584
45395
16205
18929
34300
22245
6514
32304
39472
31500
12238
20413
32178
29900
12741
45525
16077
49568
2270
15329
5015
26233
30192
3728
3966
586
6426
29151
6172
9438
49558
34383
37171
28570
33985
26462
29217
10536
31985
13425
22557
42970
21271
42065
41200
19052
31089
42368
44983
33201
10834
26667
10749
16435
13233
43335
37505
47100
37548
33662
15927
37107
38636
16891
44102
35963
36145
35651
35719
36532
9925
6121
31953
4746
36597
3744
8218
41144
25549
279
38256
13604
16218
3112
39283
19056
24719
12213
21505
5525
35543
22893
2960
44956
41127
6509
20371
35925
39362
47860
30064
47428
27700
46309
46883
11093
16231
39031
19654
45821
18097
28855
30157
19625
19431
32489
10321
8167
49135
30123
27441
11043
45733
31116
22189
37402
43827
24616
38501
15979
34075
19735
15521
31244
21808
46774
19432
38484
24644
27109
22759
22251
41810
31433
25000
45258
19156
45542
22516
18079
42127
14346
12601
65
15859
32540
11446
16598
28959
10698
9870
5236
32748
1049
6076
12403
8984
14108
32067
33469
29198
35991
6617
43761
38921
13087
40526
19532
23173
16688
46163
39426
40442
16250
13310
39385
21164
39372
42877
18482
46251
32577
28564
26024
20971
12904
35335
42753
16450
27518
2084
48046
39298
17737
41807
10976
16475
36333
17651
49781
36818
38220
40314
3543
24072
19077
11641
280
13703
30435
30951
29882
48076
46328
47005
2899
13226
4026
40130
27046
32944
46423
8053
3668
36642
44292
40777
25675
20155
25663
35852
27187
43506
28303
21143
41000
43271
25777
33461
43254
439
39492
26446
47929
4038
17321
45371
14994
11338
26175
46709
17765
35315
8862
48502
33819
19115
39279
5729
35642
14155
38447
16718
48202
39238
38706
21382
41648
5521
26397
238
27134
2638
21112
41093
12961
44641
34705
37821
45324
18875
1259
1903
35495
40859
24397
5671
37375
44357
36729
27674
49506
49155
31665
1907
30493
10282
43712
21560
17163
26542
19248
20412
24452
46669
5414
44690
15519
457
11857
45422
41194
26810
33007
36972
14478
42707
6412
33995
25016
16672
48929
6166
48873
3930
30485
38240
34529
40966
9480
20493
40238
40139
16766
31145
49229
45277
49772
25512
3489
47040
27891
28035
19448
33887
33370
7616
41132
43255
14188
22323
27939
23126
43843
20747
18439
34458
29358
41437
32069
36286
19344
31654
49186
10913
18394
38552
20248
23762
25979
42937
39948
48597
11019
14943
757
15576
6283
49071
46563
1811
670
7418
39793
43352
19383
24630
38157
12031
2287
47203
38099
28586
4579
11426
49710
39997
47093
37070
13558
35373
14506
46738
5035
27098
11812
3341
21685
36828
2563
39535
32054
8561
48419
38306
33074
32190
19023
30193
3520
24880
11069
20153
16936
47047
30130
42655
44352
41783
1396
33547
27924
13465
16036
15699
32454
40469
1248
29490
48542
28645
28670
5428
32665
28530
48295
23846
14998
20111
24143
41503
14656
9237
30747
27209
10611
25727
44134
40912
36448
49591
41846
35850
40587
3526
1943
34353
12109
48633
45750
7213
34230
8306
28753
28096
5886
8863
28696
9304
19450
13464
25684
36996
42433
16247
8991
28168
9951
9414
22338
34087
18292
38433
15295
30982
33068
25899
26783
29692
6803
40324
1569
1667
46345
17349
11613
859
33357
24737
40553
753
23609
36436
29184
34805
26211
42512
42355
23491
7862
36490
2028
31428
45494
7334
20227
38591
44090
26362
8189
10933
13749
20325
27336
28909
41367
17508
2017
15930
45288
15578
19110
39838
33408
2117
10884
19778
46831
41699
39347
115
19386
43387
21711
42265
42610
48534
1464
12720
42005
27905
33804
14754
40478
14262
38401
32365
21553
26665
39899
9463
9824
6912
35254
16191
21704
48584
27158
27693
42421
32056
45752
11730
6361
29102
35375
37306
42257
38596
40159
47943
42179
30017
30256
19061
29167
305
24199
47551
27173
39295
38353
12169
23694
39959
14647
41057
46735
3059
21780
39000
1425
49338
28481
14674
34790
625
14940
16374
45355
44947
16644
2881
3048
24289
23249
37945
5040
25037
35461
3835
4787
13755
3821
45724
541
22151
37308
20027
17887
4252
1557
10457
25733
17271
34373
35391
30294
19002
22349
42085
30787
11995
28504
41605
47562
12202
13792
32639
23915
11659
29691
48094
9086
2305
35157
49628
14158
18279
24427
37161
37081
41364
16950
43619
3002
11564
4032
40222
47376
33234
48851
3343
38909
48497
32324
26540
8055
36583
45601
41680
3494
27445
30398
24314
43887
40754
188
32361
3031
39619
2749
7001
28152
20753
11663
25571
34478
47174
17776
41097
41869
43916
33453
13058
41949
5180
39761
1962
28688
23674
44507
8333
13340
17903
19646
35928
11083
19767
32559
23546
40380
9972
22192
27417
36071
48510
11037
26208
34451
27239
2909
11239
5102
34325
1412
20388
12454
3648
29361
303
19044
35866
48012
22487
8849
2109
34306
28626
25076
32488
3879
3040
42721
11230
34252
22142
27922
10869
3076
3261
6362
31791
1390
32689
48540
15874
40731
8068
10352
34678
16626
35049
18896
29426
43373
23366
46749
43658
5173
18056
17127
20891
30406
15656
32969
27993
47882
43960
19149
9760
17673
22161
5938
46289
3561
1029
22611
35718
2090
36464
41287
31723
25629
19380
43667
34535
12781
44574
8705
48680
28774
21577
14562
19546
28987
2060
37554
3655
10990
9596
30156
16259
27466
32681
37065
46584
30260
13428
9323
43242
36472
35773
8855
38672
26563
28000
23149
31040
28080
5007
29720
1547
32374
31396
8894
31825
49858
45462
6018
28633
44480
6733
24760
45010
40323
30183
47497
47647
37277
27488
30178
44601
30461
8725
22569
35507
5902
32609
45507
27581
45742
8841
49935
35860
9640
28574
16631
9067
36316
27004
15679
47148
30112
35015
32102
9334
33060
15547
44226
1844
28835
42719
22744
36387
38221
29435
20336
36904
2092
16917
18321
46987
2187
49612
20584
46138
27702
33587
9877
23298
33950
33185
40235
6471
29468
6308
29456
44450
30162
27809
26639
8842
16260
6217
34644
1915
19095
48900
34180
20157
18596
5091
20469
24607
3854
16938
19777
32801
24256
45126
42834
15372
37310
23325
5362
17583
42382
11246
19173
47894
12976
29487
28999
37041
38531
6434
38942
19237
24068
49088
37616
37189
17670
21052
48246
23670
34648
18500
2825
43833
46679
35557
4336
8527
18633
5888
17012
32768
39927
3365
11779
8924
8448
36372
28387
5201
46713
39255
47391
27346
49548
29154
7497
27623
18093
22898
39221
18934
44603
11960
18096
37773
41010
28920
37184
39963
43336
9533
4531
39537
31782
31308
27815
7764
31689
8535
28577
49526
33289
40157
28356
22116
17458
30196
48958
4035
19423
2776
28059
35420
6730
7855
49150
11088
48828
35520
41666
12488
37959
46876
30848
23226
38641
33622
14898
26226
2046
29363
5466
31565
49824
34155
3270
40353
31189
20760
33685
7167
43419
10219
24219
33438
46320
39023
28142
9798
13132
43322
43696
45523
16661
28154
39469
32137
48632
47421
36111
42911
33024
20742
23026
28766
39157
34452
20013
40639
21674
29324
27136
1429
5786
19391
37406
49647
34953
13919
713
41721
10296
503
32198
23426
8806
23168
49545
26372
22244
43680
49677
34541
21001
34376
45077
13631
13017
33537
25209
31448
6761
35042
12520
45027
39666
23383
46525
10957
8969
12389
20692
20667
28282
46306
36935
13214
10653
43132
32340
16947
19550
38210
37561
10221
2562
12279
34347
26641
33688
2437
38924
22911
27398
40643
26251
6341
2121
36005
22624
43317
11561
47769
42742
31162
38684
7414
25162
41701
42254
26615
30584
23908
31177
40457
22191
8493
24592
31238
20800
46388
33249
18728
23314
15062
49930
5284
30127
36319
27260
6858
47422
6010
42400
39436
3297
29343
37198
2088
34916
24202
2436
27065
42584
38490
17475
1930
1920
883
30759
8046
10451
5387
30488
40254
44443
30476
46960
37851
17872
38350
37146
3763
28064
38697
31081
13637
34392
47636
36713
35158
32034
19766
34210
40258
13844
13695
27287
8143
38708
14811
42037
176
18907
13039
43311
27424
9411
11205
34039
32014
44423
48428
34553
42276
16255
14352
23610
37870
4741
38352
16673
3462
4099
33518
369
39922
21759
40311
37894
46978
5774
48547
11092
46986
25464
22681
2864
23733
49922
347
9857
19447
36102
7005
21381
44635
21243
33246
10752
16387
26926
26992
2569
16304
44100
35023
3162
42619
14956
23246
16511
28270
28885
23746
31669
22217
45330
41217
44485
4647
49435
14358
42801
14442
7317
11985
38979
33790
3202
1419
42643
24434
9655
43067
36858
46299
1946
42304
12940
47187
42614
29596
28807
26412
40894
30860
45484
40313
8323
24268
43364
9010
26758
8713
31406
34653
9325
27473
15523
29158
15320
31555
9227
18940
28617
25745
12525
37398
46607
9488
27370
17678
34471
14579
42656
45569
46396
10928
27290
39467
1816
35563
35232
14701
1635
17890
25260
19937
33473
10418
23070
38696
6744
37709
34375
13075
3148
43156
9110
33748
7325
36218
42263
28983
35789
27203
40510
22240
13123
47016
46208
39009
45952
24260
30709
43998
6770
26142
39399
31628
13597
11513
30991
23175
113
38971
28011
4110
27681
43092
33432
17167
35762
33967
31341
12315
15781
22133
22364
24206
42674
31269
2588
22149
38263
29367
5062
29990
7572
49044
14233
35393
43253
13104
17969
49438
28928
24402
43752
38976
22387
37829
25877
2426
39108
28244
17956
15808
31349
16806
35348
40103
997
5360
31173
12129
36669
15996
45737
39341
36460
2837
25141
21190
6438
44372
9266
30416
4598
36146
40138
2852
40756
9460
48227
3991
31418
34303
22826
13398
26943
40440
22537
29113
25570
7674
34819
4943
24326
14414
13456
14450
33737
21120
26573
35225
47199
20785
31993
25445
10852
38104
4115
167
6607
29622
1336
3466
14269
44201
19406
29697
34285
1759
35030
45015
42157
44550
41163
33441
3589
44756
26254
23509
41581
21129
8015
10191
28950
2067
29196
35892
20533
1542
43744
353
12997
17071
48271
36743
2035
41138
13839
4445
5971
15336
44328
2842
32070
22317
5677
14633
22810
31922
41691
1027
4082
11634
24599
18776
3619
42637
22417
11657
10194
30980
9795
165
26083
46233
45712
38776
40521
28772
17256
193
11797
37019
6213
2696
15327
36624
14813
38299
33319
38860
27705
36622
16491
26219
1765
32506
19621
11343
20950
32978
30504
39545
39176
34607
9072
56
14439
9759
17032
2163
41183
1479
8310
1871
47855
1446
3597
26854
20585
35809
8871
6697
41540
29550
42648
29234
2997
27271
45718
23029
36340
8645
31727
7300
37424
42020
17855
4681
21389
13880
39411
26800
38402
44764
29937
36257
1645
16725
6997
49264
49835
5479
2435
22673
29013
6144
32948
47687
23009
21655
4564
9875
6592
49551
37635
5765
2022
26370
28490
884
27349
34844
19364
23744
32278
37499
33351
26942
39336
48141
30831
41427
49689
11072
10813
20451
46445
3517
34480
10227
21732
44682
12856
27489
6299
45086
40268
25180
26094
29060
30567
35003
10633
41524
7203
17778
40246
36590
3567
3657
32500
9618
19638
29481
22843
18369
13939
43124
43895
30918
3544
5120
19414
43426
43121
43936
35135
33509
5452
46950
38134
11288
18087
18852
16100
38034
20223
31479
1523
11252
1344
3157
44338
18580
8731
41257
49311
47718
6300
31678
26688
21904
1352
22875
29709
31877
17624
20676
13410
46654
39083
36720
44642
36608
35569
21569
22260
4262
10514
38568
33214
42102
42508
38063
19093
331
9285
37451
34425
48869
38465
26218
14332
32005
31493
36603
35623
10925
30340
46818
1129
8776
46998
35814
15746
13653
20957
29549
36054
88
41181
18655
26205
42594
2406
18363
590
48439
37400
33656
37317
5731
40075
27547
39479
3197
7600
49633
45982
11887
15485
38109
7909
775
37030
46438
31931
22948
33476
34674
23270
19462
42054
35745
40932
29005
1593
37491
14551
47565
2164
7615
32726
15223
1054
19276
24062
808
7892
15700
35766
48064
35416
32907
44808
18152
44409
31726
29653
31022
30625
30430
23648
37168
2229
35443
20430
28978
44607
31300
13043
44004
37331
977
5666
29015
20439
40501
23063
11163
34748
34524
26668
41435
8673
23948
33588
43836
39225
22693
13679
36968
362
16942
12808
9386
44041
31270
24723
22256
43249
40799
34686
16096
5336
2545
31631
27707
37598
926
46537
6530
26860
3683
44940
48070
2583
39258
38893
27582
30696
32995
35162
36469
7433
22224
25831
16743
18563
28972
48156
6175
6355
19634
5183
23418
30140
29809
27649
44975
725
21193
32659
41202
30842
46318
2371
8931
43565
22274
10598
24683
34426
41805
49894
8424
5518
7802
35358
46605
19904
6915
29256
49739
4411
29449
21292
28493
15729
46276
14224
32670
29253
29993
6576
2641
1831
39905
12854
25190
29611
17350
17104
6458
38141
21441
8549
44397
45234
46912
44488
33401
37530
16009
10309
26037
48174
36700
15379
29995
11511
9180
39062
9544
41945
7230
43839
21842
29800
16880
11920
14659
24673
25426
24400
2131
3885
5132
31149
37482
1373
44311
2192
45998
18803
40982
36083
31496
12360
11680
6247
18024
6394
4491
2083
31367
39937
33754
17020
45281
34018
39250
15959
42953
10487
42354
48260
44859
10592
44609
36673
12504
4557
10340
2381
16569
21074
9535
45165
44295
48620
28361
36522
28262
3928
46157
7245
34446
15136
10944
46079
24050
37348
6171
21054
18008
35246
32951
28409
29520
41618
7359
2902
8173
44085
33030
13634
42608
24809
25288
33122
33966
39564
29230
356
45888
27566
38908
46686
44460
11636
24924
46341
9217
40471
24234
37593
28482
1748
15738
39085
7000
3612
25703
47232
21144
48745
16771
29724
24026
28880
37272
6914
23726
34269
46962
32327
42244
9128
6314
44918
25811
18801
5584
24667
46545
48641
13357
19993
32619
28970
13536
40864
11427
8582
42167
5014
31212
4761
48570
34619
36521
19913
4624
25991
23654
37683
44014
4667
36105
31133
570
48725
20778
9871
43714
44290
7772
30035
43652
41753
13807
19167
13354
1882
18868
33947
30856
47110
11212
159
32710
14016
33556
39829
39514
48533
25729
47152
22952
4470
33809
42568
22296
17119
39676
18884
7104
17179
32037
41288
42270
35510
5005
48203
40277
33761
20073
11747
3409
46137
26416
41533
47752
14392
45779
48331
32238
11914
1174
27421
37322
11408
12980
22521
10717
37759
8268
43734
41343
49050
17789
41399
7322
14315
33447
9245
18501
41759
4143
3996
16320
26464
20162
46022
21000
47272
4735
30182
43077
23240
41896
10743
14432
35399
29174
10417
21064
37116
28327
30195
20108
37690
37946
733
29507
25905
15317
38384
30283
32113
26575
46806
39949
32303
42660
31242
15704
8859
32829
30194
19954
34924
37300
45035
47858
25312
46294
22159
48888
41933
8363
33347
25452
44330
8103
3209
35075
29708
25558
13593
47226
43533
26478
11796
30626
14848
17090
17396
8563
34616
37369
39896
13128
41022
39989
44933
41936
36283
12800
45810
19693
13011
29008
43909
33765
34932
49575
43160
22200
20340
38042
24659
48266
42950
11310
24730
32471
33364
30949
44959
31937
22997
22928
2410
37936
35485
41483
49367
15461
40136
41965
44105
39056
33334
19413
21355
7806
20099
15551
20636
12247
37852
39463
35038
18988
41858
32902
46109
41766
15924
49379
38416
45152
16737
1482
39048
15640
9897
30814
25018
24784
47434
14958
14230
12744
11720
48665
13815
38807
29816
17645
37914
42833
29306
48131
23772
43892
4083
8107
3624
30728
10064
39506
6501
14202
36334
28212
9880
15532
29813
27359
39113
12164
39879
31405
25384
36750
11984
44383
14203
44837
15262
44734
39753
30051
25206
33709
35768
38162
9080
29547
19089
24162
35406
42061
4131
23625
33708
139
36551
27
12944
47549
20078
30849
42211
30994
4497
47330
9954
10442
43411
47694
10203
48848
32740
11224
12392
45326
29492
47832
14608
41065
17482
46815
28532
47370
18892
454
42467
37720
4606
28723
29623
35694
48992
34966
13700
33565
49754
28393
31950
28868
25470
9
162
5255
37861
30378
17131
30805
28210
47737
40925
28438
25603
42611
11500
31127
43955
4088
872
24563
2573
22286
11361
39044
6902
4381
28646
14063
6061
27410
32717
21042
5013
6187
38610
47645
1611
40900
32387
7598
18299
42776
1914
20871
4154
25291
8134
5478
5834
39953
38196
11358
37332
31100
48144
35653
25188
29203
44906
11341
29144
6706
40583
29758
46490
44051
16104
39823
11651
12829
44122
49501
6795
35492
552
32452
32718
33250
31571
19562
42838
41571
20504
20231
29044
47673
29501
49603
33000
14061
31593
25866
47552
49191
36912
24674
44215
47757
29466
30348
16556
19660
41873
34588
20505
30263
8755
41106
20662
43443
32095
17208
45442
13352
34398
9743
45813
39861
28065
39893
11540
2355
8792
42815
28485
31687
38919
31358
23611
22721
31912
33942
46756
48319
38394
49352
38087
33874
22500
17011
46102
29155
33698
46747
2559
37599
23451
6694
48024
33546
25192
21902
47200
27384
4766
36362
24952
1056
18135
40933
31073
44728
21645
11912
32842
14515
24249
48817
4719
34217
36139
3975
43348
19127
28936
7513
965
11955
35394
14603
20553
6695
34232
45221
4864
432
36378
29042
45070
15631
63
4158
41305
27963
9005
22677
10652
37042
15950
34364
11383
42164
14591
43081
6176
8381
33886
32230
43356
17362
38992
35354
9742
23673
14436
20539
8225
22186
9916
32128
45950
20184
20987
24957
37462
49452
2471
33377
20
7724
45352
20656
33665
38458
44241
33314
6041
47233
13523
11134
26863
28856
37276
37742
32241
5103
45453
19571
48681
24337
4545
11792
17204
46752
35009
6977
46205
12740
27957
25523
18151
32654
15500
3100
28120
19932
22428
9728
4435
40548
17946
9861
16695
6222
37775
21898
21774
20550
16312
20872
19270
27080
37103
45669
158
8414
48197
3798
9666
27900
24502
44243
48535
20386
25548
43115
14665
44644
15953
49009
36494
37062
31147
10308
9561
21467
39728
42190
39786
15183
48084
39027
16540
45097
49741
28401
32870
10480
26899
18938
17447
41589
38149
30473
24744
7647
20808
2747
17023
47032
29378
29797
25590
49224
31862
22087
750
16927
24595
8339
25989
14089
49916
9586
27323
36689
19611
9804
3316
31619
23597
31010
39560
489
6249
44148
12546
10635
38013
49415
14935
40905
16406
27915
7402
40606
31210
2005
42078
32134
7816
25262
34161
23303
28268
46759
43526
26954
26269
40099
28495
35321
18434
5867
34561
32897
43093
45182
28414
21866
30973
45179
22134
35622
8802
29871
36074
20293
40401
18442
21858
39227
17514
15253
36782
14970
7707
22309
16713
44862
34189
36326
15749
36301
6370
22027
1679
36063
41519
28512
33439
1640
14516
4196
25712
47944
1145
23536
30562
18558
21079
18228
27571
46877
3849
21629
29732
2502
34700
36031
38008
9145
34693
40790
17244
40858
26774
20955
43200
269
24093
15601
30319
48807
5871
36620
9644
14431
41572
517
5919
15095
44877
6665
11430
25098
34213
5220
13984
35265
11295
12151
3004
8058
16121
35699
29533
49279
39093
16283
6415
9769
10468
5560
43041
33106
43920
9297
10159
13186
19676
10850
8095
33826
35574
33551
15806
4487
16742
42463
42189
4821
46719
8142
34583
19024
44007
33712
38951
11706
13189
31680
36009
3275
42878
46902
35417
45827
42450
6456
39999
1877
25982
10423
14211
41797
23414
40350
40844
28118
35266
31767
33861
46732
13054
46707
45908
30405
375
37357
4904
26976
42436
10950
9500
22846
28555
4975
24819
8281
33697
28942
25827
39306
48283
35400
23835
7108
39708
40586
37032
33166
20702
8036
1802
32166
47712
33909
29807
40869
38055
23362
40493
8703
30472
48253
11030
48489
22981
22523
17419
11987
8141
46784
5675
34231
11091
44452
23035
33725
34158
22616
49203
3735
43871
46154
29169
11652
13348
41166
49394
597
8668
16436
35895
770
36394
39355
35933
11378
35213
7826
46703
36571
47236
44291
39144
43766
38743
33643
2627
3432
29182
31264
20683
17161
27588
18385
38064
17891
38074
12876
1272
42805
31719
19542
13345
14595
30379
49830
11447
42502
32843
42739
5454
6049
34589
46667
36984
9218
35077
21697
30271
24580
47198
29003
23498
49891
21495
30137
29827
15247
24410
43738
28815
11975
34745
42712
46130
9235
5430
39709
30400
47038
12516
9311
7430
26333
45144
29039
10711
14911
36198
21369
11832
40520
38901
42694
11736
40
24476
16275
31473
7512
7612
33798
3707
49328
47981
16060
8455
21198
41785
34829
46832
30761
12917
27216
19011
36017
40446
3985
42758
8309
47184
25100
49500
41808
46906
3784
26982
5996
29243
32961
271
10724
42520
48539
16268
6181
24520
41938
25091
3609
37601
37175
42899
6596
22423
3670
39068
5816
4993
28265
48598
31078
642
5800
14076
19469
45975
39350
22312
3106
21082
35759
6371
7792
41760
44687
12813
29309
47637
5864
22059
12547
41017
30750
1922
17189
37291
39016
9677
16679
17646
1410
24101
17607
38643
29955
11249
530
2222
7762
39406
44903
16378
18996
31778
27932
32505
41184
46347
36550
10887
25799
7583
16904
195
12172
48010
49625
34156
28295
2178
8610
28708
2892
5895
32562
33165
20755
33183
12761
29975
40780
44890
28095
22626
3220
43981
348
36008
23074
34208
38272
2281
10043
37330
24941
7999
24521
11946
41087
44804
17278
46516
17025
7227
13998
10954
47446
13741
4275
27651
24420
42541
39725
23097
33014
1655
40059
8171
15442
32204
25142
39532
40729
8404
14134
30303
15876
40937
15215
45954
41854
7916
34997
39631
22529
41463
36890
1113
4891
22329
37786
2140
22052
15698
32274
39824
7248
18446
8421
21458
2440
24855
45741
23482
20002
12310
18108
9272
26273
29318
13642
34489
2737
45656
32701
7508
4109
5678
3438
6884
9799
29660
35301
36209
49783
39549
40325
25826
44200
10905
42563
47554
3476
21320
48009
30531
24586
47604
386
42033
38175
4049
38525
996
15382
8701
48017
48501
33479
27191
16689
35720
49368
33915
37506
33854
44212
34348
43120
218
24137
49616
22430
19107
20200
43605
33006
29362
40672
38281
28199
30215
44376
16419
2517
30971
13102
21775
46262
43873
5297
40873
37394
835
49236
21785
16617
40734
5704
16885
24226
26947
31005
7078
42372
42225
9172
38237
16399
43158
40241
7371
34743
39431
38440
44492
21404
43441
29508
38222
20324
35982
13966
41061
30741
4620
22572
21242
24518
12514
26361
11693
19452
36439
44228
9609
27255
26006
45766
7107
47963
23417
42988
28117
48357
17331
42229
12571
3435
37119
7739
22676
3436
43106
5722
34423
16978
12288
12593
43202
17403
39326
5848
32853
41464
44021
35327
13674
7686
18637
17679
34244
46121
24447
5224
23352
40585
22791
21977
30600
49324
34947
39663
10462
15556
21255
29471
19955
8239
14892
44857
37159
19549
36941
17062
38837
30097
35309
19884
49993
15051
9469
23731
31144
18081
47480
34949
35558
30073
820
23765
2751
10520
15515
5778
17230
30770
9382
12827
17893
971
44980
35424
27230
32774
46187
48304
10506
42501
49535
32599
6485
41242
31430
9947
33928
16750
28785
8949
9510
42855
45280
19367
38408
6293
11999
40455
39049
35583
32811
15293
46064
23150
36635
2256
5256
487
49651
41852
2495
18021
31817
30516
39499
25319
21033
48742
47321
2688
31471
7171
19483
43011
41772
25574
42432
5199
46528
42673
2622
30266
20643
32478
28474
28911
42206
48678
36064
35117
37713
37884
31927
42569
49719
40192
36856
36657
1780
44954
16757
2750
2076
28709
22901
6086
43900
33583
11890
41803
42197
38653
26199
10737
33589
35585
43284
15689
5747
15458
2618
17178
43532
37815
29359
13780
8594
7339
15350
24913
43074
39884
37266
44836
48813
18391
42153
29531
4254
22887
19294
37573
32380
48768
46602
3386
34711
33168
28110
11300
27556
29552
609
5846
49595
44646
25433
8515
32419
31876
11686
17857
46791
24670
45701
47405
39122
15638
48229
15074
12304
16125
21475
33209
37621
41304
41013
3461
42622
27387
19148
36345
24920
43052
21029
14416
13769
36242
49486
9103
1753
45456
35013
14407
39646
38145
18271
18070
6807
26511
39243
8138
389
15418
24633
39687
4278
25741
45825
28604
43089
40649
11922
7367
46515
16545
19330
15476
27307
30246
31694
30167
42055
263
9689
26435
3280
879
588
318
34792
14711
44251
40921
39422
35130
6988
1695
44433
31579
47953
2655
34571
8182
20001
37140
23599
39957
31812
6517
36555
6137
46443
14309
12351
31220
29276
41698
13431
21956
14529
564
36943
44344
44150
45717
681
13889
30519
11150
26382
33961
14051
10761
45506
34118
7819
43082
4043
1985
10597
20406
44072
8028
30737
34877
9983
14325
26799
18826
35828
8121
18729
33833
20682
5857
30031
32552
47308
39512
20152
13331
4832
39513
12217
11967
5228
13827
48637
37082
46122
46027
24843
9034
34970
19606
12059
28378
30170
12784
40098
31138
43420
31196
1639
26645
25385
28698
26952
8876
20597
36707
12083
8899
28699
46156
48758
31758
34404
35286
22281
46878
24578
44108
44455
35605
29278
39058
27709
4076
41336
30236
7844
8038
19807
2668
9062
27036
947
11204
20536
32446
35687
28589
15042
17843
11941
6918
1974
20827
3503
38287
48239
43837
46144
9021
47484
24061
33923
23483
31610
935
19476
7973
36000
42135
2809
1614
18573
1675
42940
16980
17914
44006
6692
38934
9247
35204
38887
4051
41053
44300
31031
35187
33954
1445
40328
10108
25918
10671
39166
6998
16899
27781
30166
35551
39969
6117
49124
5113
42204
47314
17870
22219
10912
47340
14404
30494
39541
13097
31407
46663
22808
30676
6246
48655
45817
17905
19746
1862
49431
3400
19799
36817
5174
17503
5082
5574
9367
20087
44605
11045
3385
46697
31325
21936
44037
21976
14865
31779
18430
28767
6122
10771
35474
21753
14128
31291
35384
20112
36320
47201
29220
40840
27563
3986
19074
36682
37059
19067
43068
23808
4901
32589
13853
22636
49227
5136
30557
11845
4383
5424
4696
43234
30931
17545
4623
26598
17144
4146
5469
28702
47465
37782
17999
28518
13856
7979
48592
45376
21063
16457
3047
46476
30084
40607
31489
843
44003
48388
4792
30866
34752
8417
31013
46265
31683
28884
39857
21346
23420
12538
43260
23425
35072
33192
23738
40887
6752
49845
45995
17728
48299
46354
23523
25887
36883
20104
14175
5725
4371
41996
29199
38800
20213
11130
40667
9915
10733
36751
11179
26989
41198
2174
42745
34481
40114
7584
28796
15343
45056
2808
1583
48032
27449
10269
6067
17820
1071
13083
1510
35750
48106
26955
18020
15771
42359
38822
48430
6834
19748
27966
16149
43473
40116
25947
29323
48133
5643
37838
48646
24139
20970
13728
31016
49989
30604
9098
28738
46553
39344
35006
47176
33489
18779
34540
9812
29721
20675
36651
22514
18273
31674
24265
43551
7235
5376
25458
45616
35918
43993
17960
19444
34643
9844
15642
621
10273
39568
5076
48714
49900
4925
46701
28496
13875
49630
34785
29028
1345
20941
28235
48561
33477
43256
26020
19210
18598
20812
28557
37854
18105
27075
22230
43005
7143
7499
43586
16224
38783
18705
34863
3552
5961
20463
11519
46637
20899
15429
10171
40019
39024
36866
30544
31249
41459
47626
2951
3725
25825
22505
29670
28445
32810
28454
8151
9588
18514
25924
25654
34497
41212
30388
24558
36655
5123
40141
5681
47468
36517
34040
23965
2847
31958
33918
39882
39716
11694
16831
42138
9549
49743
44418
49820
22731
36045
17076
5038
40441
48289
38282
12359
47824
15137
15550
24279
23829
19111
26580
40703
9513
26931
38834
4325
21434
28021
1998
31795
2812
47160
36961
46625
3003
3359
14896
36676
5314
9398
17611
17539
43042
4152
38785
42960
41151
31839
36396
25525
38236
28559
47613
24745
38334
24519
49219
1921
34482
30390
41385
25494
34183
15486
38914
47267
17138
15611
19014
42417
5149
10500
31388
46722
3444
45435
42142
11317
9043
28362
24790
12444
14320
46644
17550
19324
21031
9113
42603
12422
10154
43806
45496
46873
40198
32782
29986
40775
23805
44973
868
26403
16494
6845
35748
15064
31444
14251
37206
9650
13748
31112
8635
41218
42018
32143
40295
42996
6384
31339
29406
15577
31836
32477
38397
30628
11302
48889
29020
48981
2074
29070
9451
31747
25382
10086
39316
45327
21875
43460
32964
3546
783
33460
27628
40806
7872
29849
5331
32055
9017
40160
33885
45130
5408
25859
23396
40289
22153
15119
7521
12424
30894
45323
10788
18937
5213
23737
25701
22842
14316
15362
45723
3676
15961
3680
41971
43883
29881
3168
705
7663
31278
17846
39365
49317
39521
35868
20457
11012
46240
43365
22806
26526
2340
40771
15559
27178
32796
9389
11056
32107
43942
20093
40849
5140
285
29678
31614
1017
46565
24546
11487
16108
4430
10918
33350
3213
29823
29562
3541
29016
30605
44456
47427
27228
25495
44206
33848
49906
20532
4584
44469
48030
2198
22470
44079
44829
43135
13139
10803
28844
24017
35793
1834
9505
44871
4788
14172
16413
20583
35705
10124
37771
43846
22345
1198
45811
11523
20781
19789
23188
11646
25530
7394
47823
29001
6775
26651
9262
39525
31797
14889
23515
44573
35347
35931
12226
9474
26786
4114
19104
24783
44627
33280
40899
10701
15546
37376
32556
36032
28380
5050
17617
20671
34294
7021
1551
42144
35708
142
38850
17107
34224
14962
2558
48051
2467
17518
22288
45607
28465
19215
49171
841
13670
14238
8941
44194
42440
48610
24100
3842
22073
7898
42564
30695
41416
5363
29699
49780
9407
18080
49356
32381
31123
31649
8162
39184
40431
29037
5587
33421
31946
28740
39081
5515
38005
34520
93
17671
17028
16002
9308
82
31193
41150
1806
45265
41578
48706
45045
35604
41859
14559
10189
7125
13943
40269
16417
24080
29994
42079
32548
47708
43531
45272
49226
5388
16010
32306
29822
1444
8544
38667
17201
36100
8089
41786
14318
26348
14147
10403
2844
41682
41250
47854
14708
38637
6329
17170
38810
12162
22884
20642
33530
30589
8837
18378
28957
37674
34904
47193
37144
7591
17431
46503
15688
34797
33251
15406
17815
19647
46058
43503
18545
28879
16840
7708
27068
6032
49574
1976
14245
45788
42063
7194
27439
29840
24356
24376
2874
17727
45370
13404
1284
48791
11025
33175
9129
12542
32833
21140
37566
18839
43675
4438
20989
11813
35596
11241
16315
8468
40208
35226
39099
6778
45976
29250
7688
45612
49584
37748
28068
7305
26792
30928
17378
21370
49316
23701
30879
6926
991
45889
36559
4974
9778
26407
30507
13916
33492
41796
9782
21208
39358
41148
48277
1043
47282
41944
43591
16243
33515
27195
35951
22890
27630
33858
33602
12133
42322
17450
27475
10176
26878
47297
29510
48379
23292
43570
985
13413
42182
45929
13140
15001
23265
40104
11353
37282
45003
12823
46570
8368
6540
38619
11562
4635
6849
15788
10658
32068
37925
1388
9486
28088
47085
46945
44459
9565
12458
35707
21429
10763
23811
2829
26258
9613
32334
31178
10651
42723
48553
37753
42677
44987
6481
1906
37916
8522
10045
11060
38021
12032
30272
45030
18301
16146
44139
26842
6584
42666
739
27069
46108
41011
30448
15053
4863
13182
22698
2013
11142
7003
14756
46369
33345
8892
16079
4341
36427
46460
4962
42013
23131
22276
31150
7617
31124
18134
14925
36211
43331
47335
18951
9964
32531
10736
44771
24405
18202
24779
36612
6224
34065
46478
45205
13463
36660
16588
26708
24170
47837
25196
33536
7200
24823
43656
24230
7454
41591
5079
30133
5639
515
1554
27244
30510
37707
11035
29043
40581
3491
16324
30125
25541
33948
43262
30118
2154
40125
46804
35758
49898
34557
40367
7621
42132
30124
49127
48793
14563
8801
9423
7489
44468
44142
25852
23123
33780
24678
38059
23540
45188
27931
39698
10155
21852
49312
33550
10071
13978
9417
27428
15453
42969
27626
35851
3971
33362
6930
28293
3186
14304
1266
5746
20038
30588
4813
2678
32428
36157
7716
4747
48303
17072
12443
7538
2480
36874
44869
13596
46132
33437
42326
43220
38533
18709
44250
1982
24901
8484
25681
26739
23033
29173
11865
28553
9734
7573
37646
44261
42708
26009
39593
47558
41870
48671
17608
4019
37220
43186
45307
49704
29634
2631
12648
48308
26055
35435
9101
7186
6533
17551
41474
44510
7637
20243
32264
36348
34496
23021
49390
44073
18126
26956
18827
45113
38450
17034
9651
48192
10757
49269
48073
2927
43442
36632
25916
42281
28456
330
3089
12356
41607
4419
8781
31260
39845
49901
13296
22434
30564
26646
6451
14257
32522
35297
18211
39962
12796
44116
34839
48827
29480
3812
14096
43300
25775
43481
17777
32081
36662
1449
16501
30629
17171
12888
20878
3418
7804
16945
42980
7038
4498
41718
31965
47288
7848
45039
2752
2616
32921
37013
41078
47084
5999
1532
38762
19703
27413
22115
26046
49888
32499
43896
36998
4187
43087
9912
44120
3518
16990
29926
2972
20814
4079
40774
19184
527
14388
790
16143
28727
33812
30595
41124
574
10707
42691
14893
18305
11990
21675
44679
18774
37433
12303
34234
19541
27302
44706
47316
41935
10212
5352
35085
47114
41635
5208
387
5372
30417
35864
6958
30582
49510
22302
37271
45433
37600
47717
9835
27140
28434
40789
31008
49654
30554
31268
15394
32613
14077
10109
25814
905
2094
46427
33021
33089
49495
47861
5670
36534
23440
4359
21891
37693
30403
6380
46705
42925
18870
32259
20420
32441
49987
15762
35159
27688
8574
17941
29833
42548
7035
38414
185
39524
21413
19335
19280
36593
46847
6459
31890
17101
36884
24063
43795
36524
5253
39572
45335
48917
20522
35047
7972
12692
29368
17087
4995
41758
39844
44362
47
30601
26107
27930
23337
32852
48047
14679
37135
35517
34971
10254
38415
7502
10036
15908
33760
13437
27090
35074
13234
25007
44647
30011
31936
34201
30401
49403
46748
36137
36540
5563
28869
45698
11565
9301
2496
32211
8507
13044
14541
32344
20189
31262
33042
45461
5881
5543
5473
19405
39540
17609
44942
41063
33653
25373
24900
47244
46472
17036
25996
181
32388
36596
29026
47101
3426
18508
24223
46362
186
562
41320
40150
8980
37072
38755
41894
41538
2337
21185
29788
2274
17592
47969
44926
47940
33312
6883
22894
33789
41903
32730
47988
36699
49836
29966
45414
47583
35422
4031
23307
48675
17084
15986
2273
39550
7444
6005
13280
25817
31307
46407
7628
28164
8226
24535
15407
15721
46133
8434
49519
28509
25283
32049
40462
23962
6302
48237
4836
17709
43416
41391
26188
12323
13002
18778
5916
17417
40550
35522
15180
28338
49306
20985
36442
15993
46041
48394
20575
7928
32767
35383
34271
39773
12501
35638
21175
25389
48300
7817
5262
2758
11312
26608
2724
32016
37610
27420
17151
49334
39230
42908
22658
7690
27455
26355
43771
26203
16774
4922
14031
41656
36161
13686
46975
25412
47651
15314
31711
36958
30585
46284
1625
31485
42560
44195
11005
1629
38138
6613
41999
13171
39425
33285
44602
388
32581
14018
1615
9310
47207
4263
30418
35610
39163
41668
34647
9454
6671
4983
124
32147
31033
38622
17227
49103
42676
14806
38452
27906
1508
35353
38362
33180
4703
12739
30808
47606
10317
10096
9013
40387
43782
8702
26833
34818
1991
49392
10474
27177
5676
7894
22597
22172
26732
48222
1254
38244
6979
18401
1475
1672
8261
25819
36450
12153
41650
14908
16025
39556
14869
2633
47826
21631
9223
15592
37820
46159
25706
38014
38456
42964
3830
44885
4402
1742
18638
6511
2152
6937
7890
26827
17547
32629
38033
46084
22330
10795
25863
46623
49234
3877
1786
38535
21556
3451
19578
19745
14558
5686
42724
34140
14149
43914
49097
14348
8483
33505
46358
47389
426
32382
23708
42147
38600
11261
2578
20061
8090
2211
38473
36631
31863
22512
24651
8890
16183
5758
28427
47809
41355
904
39536
39520
6962
21571
33532
3458
5278
3614
48358
9966
913
17908
10174
20976
38389
43402
17424
37595
47109
38576
34405
39867
24445
28201
10936
40062
18722
2376
37872
33266
345
927
6769
14057
47765
658
39504
4676
49399
6668
9701
32560
4463
33091
20354
17558
48814
9935
13819
48417
12666
34730
32676
2947
15224
28762
23299
312
14776
29683
45641
26948
18296
39256
31464
36953
25572
18533
32511
39624
13366
12022
29976
32316
33218
22080
435
22999
6693
31688
20514
8389
30816
45396
48618
30006
26775
41386
48704
41851
8868
47738
10131
38805
28900
6399
6204
6648
36831
34137
8617
22255
29942
31612
6739
10932
427
801
22776
19960
45208
16273
13131
40418
11932
44794
5006
40854
33673
12108
45678
5093
36127
3819
18614
36339
4373
23900
47840
31647
1351
37565
12628
46665
22352
16783
3639
41265
43112
33719
15660
42128
31259
18331
18985
20481
15209
20016
29050
23380
42537
20097
2082
1114
26227
5080
38443
44805
26554
46594
30818
18863
28176
17822
43597
32250
38467
23103
29133
47931
12276
31498
43233
27635
25707
49652
30989
47989
37374
29128
26610
23650
14720
23378
23159
33240
32641
29600
15401
4168
2923
24013
13304
30478
26643
3913
7404
27912
8757
41003
34154
37792
36513
43797
30150
7132
31398
30023
28017
5708
18364
19575
21782
23882
33988
30823
33198
46852
43659
30100
11116
3565
18212
32093
8407
31580
42738
31158
48155
16366
41536
41932
45648
666
13855
12145
48715
37779
19998
12788
8831
31287
40257
10018
29944
39776
2755
7211
47692
45606
27288
10576
33618
5207
39546
1164
27607
7218
12219
23713
47747
43588
516
5952
46071
18976
41521
11040
13199
23869
18755
35873
9691
21957
30731
18675
6418
4489
31345
662
41280
25893
14735
49011
33771
26592
7337
44348
31675
10275
31159
5043
22680
10787
30543
3282
37488
128
42534
15768
30958
19480
6689
38578
39500
36176
18233
47447
15685
1501
34926
38915
32177
11982
46188
36915
20850
24077
33903
16075
11907
38128
3704
11649
17180
24037
43400
41387
10901
27834
33391
21607
40107
4900
15075
27811
31478
38839
46682
7393
37887
31608
16518
14381
4197
3779
3781
20032
17704
32792
11411
49829
48777
109
32470
32563
22947
19080
11151
5652
13849
16843
6670
5581
31359
43655
36222
36870
46339
25131
723
33123
10105
29536
20190
8020
26785
546
14301
46825
26420
34240
30937
28001
48380
10501
20254
15814
20715
39193
6053
14470
39177
18436
18601
1539
3379
34820
23469
20598
1767
11370
1534
41754
48790
15774
48988
9270
15839
20318
19120
29246
24898
25713
39603
39800
6792
24321
34720
10844
27611
41557
28914
3434
44322
48965
33629
43686
46257
31716
44283
36269
40456
46169
37597
47527
21315
35097
36185
27242
19785
11053
37058
137
39604
43392
9950
21584
46823
31605
41069
14009
27929
44860
41815
23637
1735
33937
41740
32077
5095
34127
48185
45843
48493
39455
8370
8887
2739
23566
15834
47262
32200
24497
32722
4669
16035
41899
24306
1375
8631
20528
43637
21800
14039
29245
5750
547
5449
1023
27199
3882
30719
12540
46360
46361
32326
7351
33153
45424
30314
2565
44524
16371
28628
19768
31972
20029
32668
660
48660
48927
25104
3631
35218
11515
26689
46080
6391
5833
28402
11047
36910
17345
41705
15823
43951
41458
12462
8754
24104
1936
18260
41906
19151
591
6767
25952
7103
33721
37737
22522
38198
36691
45913
8035
33238
46775
12508
10053
46350
49134
39052
20411
1864
18387
1199
34523
10181
42516
11774
5346
22897
21635
18608
37115
18880
32267
45515
33196
32867
38679
32284
37641
31106
48805
39222
48529
32607
49579
43480
31699
4899
42193
8865
46527
25649
5116
48946
43965
27218
32087
24560
43251
36264
3889
7977
35804
16981
36644
9695
3095
46005
47979
18163
48408
42528
14857
40490
49554
42459
29282
28659
43759
3750
25483
4982
13758
43758
38262
40390
12582
14300
39005
41953
11557
46481
42740
38491
46801
27722
39091
30950
104
13750
20593
15955
38242
38886
41626
978
14875
9876
9111
29728
7747
15653
18473
24032
7514
10522
44737
15491
27835
41770
4989
30411
34682
46767
41506
23555
43475
28359
42743
32864
20021
26147
35969
19792
43952
18196
5096
49101
20979
37832
47715
17045
39573
44147
48415
7453
32779
22180
3563
6972
19121
5530
45894
1840
49716
14423
16403
11847
33568
42683
252
30480
26311
7715
6495
39812
31907
32954
25903
41954
9027
37382
18220
32065
40665
20647
21754
34738
26124
23517
12776
1039
30702
42366
28947
9153
48647
37445
6766
37454
44193
16110
23253
18248
2672
31167
37881
30062
22307
847
24000
39647
11554
14313
16144
40684
37352
40901
28364
48804
5166
9709
9220
49688
23122
26458
2099
26812
47904
29829
26048
23284
39231
24553
27559
17096
40082
18570
22176
16802
38639
36930
33041
3269
28291
27249
41335
11895
13514
23310
11409
49397
20861
23306
46689
42681
41748
42784
27039
33463
27348
6925
2204
31859
7088
24600
16028
45744
3128
7493
751
32196
49552
49538
46462
38023
10988
17391
37434
20807
47731
16731
16803
20212
25475
35274
34085
34422
7013
10344
36894
18170
34694
13105
40822
35874
20665
17164
33821
1869
36434
24468
4636
37379
4506
13630
12921
17260
23843
697
40575
5304
22988
31882
24801
12709
15170
4223
27347
39947
44400
14310
34157
13778
33321
46985
8093
5897
34142
1055
49156
26136
36826
44998
19697
23534
36646
23095
21597
40205
1938
3058
44581
22075
21432
9075
49978
46846
41466
49230
19728
24102
24786
143
1385
1805
13211
9944
44166
18496
46063
30034
25798
40891
26087
26077
38975
49347
9539
34450
33552
256
33786
33033
6126
30603
14759
34576
17921
8140
6923
33194
33480
45580
7390
24391
46045
34349
17572
36191
29806
6056
47605
48926
43772
19113
41199
11669
42859
29408
13148
41749
14152
27309
49769
36364
6821
24347
31729
12678
14048
1658
7423
19706
37243
44825
21598
46019
49590
7606
48968
17368
22400
35174
47234
23172
35564
7593
44189
26544
32788
24209
6863
43109
16549
4633
49453
40573
25415
28777
34453
28368
47008
11112
7381
22868
35063
36007
39270
14413
26633
23144
45299
42169
4507
9833
43198
47197
9882
40497
35791
16163
33806
10623
31813
35769
22435
45060
7023
8016
9121
26594
41482
43670
30992
30970
2961
46120
18278
49496
19144
42962
43563
1119
174
35549
19339
3936
41553
3184
23269
46384
37412
49539
24865
46136
1006
19649
1581
32237
4504
11591
36768
48528
46908
39443
25067
15353
29895
28596
20221
37060
951
32656
19249
2179
1378
5339
33996
46455
40321
22471
2285
9522
12436
3758
28451
41661
27813
49117
28567
42616
101
37057
43767
2674
46710
48576
35765
25330
3097
34386
5766
33268
13759
16354
32187
10794
45891
27310
16204
39211
8139
18843
9531
37987
40290
38611
32508
16551
2969
43219
8273
32974
31288
15737
18838
25526
9635
24237
2244
46955
23822
707
45419
7756
45672
33027
13767
49138
8728
19910
42852
18492
4728
9941
46630
43091
30229
31379
36402
36990
41226
30578
9228
4868
36400
45621
40369
31213
37469
17641
39615
24533
11265
34517
9318
22010
12937
37793
10025
8681
39914
13816
28437
11950
44643
33573
14618
28650
11886
6461
14928
7135
41244
17633
4897
6781
34457
45526
25839
25643
37629
25803
7131
2861
21005
18767
23485
6237
34307
39453
47784
42640
29529
49578
31113
27001
342
15816
43828
43138
42090
39313
6587
17650
34227
24613
42543
12680
2774
11216
19554
38560
14157
15227
14991
28726
44904
47357
266
11760
39780
37997
48877
33295
7692
43639
41978
15426
40999
27469
18465
28712
23595
19843
31179
40450
1514
46256
66
4996
12978
41713
29291
1566
33367
19083
48464
3880
1762
28197
3221
1631
37447
35418
24238
23474
19526
254
7129
15028
44244
25714
36665
36082
44392
34147
983
19392
11159
31164
2294
26089
5100
8587
37484
35824
40747
16712
3265
11595
30
43536
19196
49740
6174
32010
49407
15010
16297
45595
24695
7416
42380
13175
27857
49383
18429
49018
44237
35178
959
39580
49118
10985
45933
355
42692
20461
21451
37192
44749
49140
48589
28047
32859
13988
13153
48254
7336
31577
43850
15922
2203
18646
3018
17465
35381
21473
1487
12742
32184
4089
7084
21687
5417
36809
18431
48749
6243
31744
42471
9038
1560
19155
7226
7930
1478
44767
25326
22339
7548
32743
32674
25796
32770
30107
36249
13127
37479
22777
9713
22348
249
15363
27388
15560
22979
37532
17188
4583
47970
34128
11876
29588
42301
36299
45534
14268
45681
29753
7092
7954
45046
17929
14227
15231
47346
969
34444
1061
7184
26364
35914
17739
48241
1252
22504
45047
6024
41340
39925
9945
45235
44252
31556
15089
40044
25282
35166
14178
26252
47897
567
39397
36058
33483
15958
18012
21701
11930
38613
49966
14350
11835
20255
15390
36420
45932
3890
37637
16127
49679
2428
13355
14878
46811
14242
4631
44196
16660
44210
47615
30492
36421
25740
37327
7558
33130
7162
27532
45957
11622
32736
40499
43596
9888
7938
25082
24097
25484
48796
19277
45303
42151
9256
47745
30397
13371
33270
2465
14882
15365
17001
7463
21822
28099
2965
31419
20235
43858
20273
24736
11387
37216
33190
6463
43216
2976
16470
35736
13781
15514
4664
37366
1080
17511
21991
42444
45533
3840
29106
212
4650
41345
34117
846
10153
30392
44888
27670
36969
3726
14872
15630
31646
3647
7564
8664
32322
38187
22876
24912
21130
19399
5526
23667
17879
47669
38279
4203
12745
1633
10782
3407
42066
20219
10037
17722
18324
37653
13474
15097
22576
44698
48977
33647
14305
10602
40660
28818
35820
46622
9447
2868
16615
25900
44489
18672
2993
2918
47666
1081
43595
21259
2781
5061
12860
26335
22857
47242
21620
14052
17414
31317
35203
33405
34246
32001
18320
9097
21748
42212
36422
43406
43723
39359
40681
1296
24629
11635
24554
18493
43575
17081
16299
37971
45222
29231
37951
13812
16587
36068
13150
48622
47869
27404
19669
6402
44191
171
27972
32369
6901
46592
9735
19834
42140
48330
20019
22225
23941
34111
27152
39475
20969
32270
2469
29860
44653
1301
36589
47415
46255
11672
28403
27451
14728
23309
44355
19759
20922
44621
35511
33714
37328
24609
22666
32479
31962
25331
18628
4848
15620
36850
10917
3978
41447
12882
48324
44594
40652
17333
21789
46151
5075
25647
19211
26617
27096
1313
38597
5221
33735
7797
19516
29818
37995
41924
49183
18478
31948
36731
38587
12642
19883
44537
3169
13275
42605
21516
25342
11874
10266
23766
4744
12243
28731
15216
45658
46398
30244
9896
11186
34125
5487
28643
33434
43845
3022
4058
43929
5542
17371
5992
43983
14299
15308
23979
33730
15805
20237
3851
48151
48365
39611
13202
7012
5374
41644
40798
27718
4046
3251
32439
25778
48703
49304
16381
18262
5644
3760
30734
44893
23350
32632
5206
40429
23818
3087
32229
8650
5231
12383
42479
27213
20838
29858
32837
24963
25960
953
40740
30306
30711
33971
8234
39765
22011
41246
21202
38245
38633
4563
18063
42364
42237
6125
6812
14615
42631
7927
40762
13606
36380
33440
41702
37536
39441
18484
23157
33959
38351
29352
44955
26171
23391
8517
11903
40770
25836
38123
44800
24257
37182
19540
9437
32567
16458
35618
34793
49022
2149
8540
6949
49
2249
15115
1208
49758
17854
22102
46893
36441
45560
880
6588
11543
47966
45589
30016
33750
1497
2034
3139
37061
28705
15083
40984
24534
22106
20748
24612
47264
802
44104
795
38813
45468
32465
24927
44285
5695
4111
38425
22105
43501
13162
46760
48015
26825
36500
3043
9538
31002
10989
42105
43534
1363
32783
38061
9175
41338
21038
14846
44680
39147
35361
29905
45504
30997
48766
39310
13335
4977
7810
40304
8180
36766
30899
27750
13618
744
33061
28395
38873
40009
32115
46290
43861
29935
45007
11696
30267
32328
4245
26445
44309
45951
24346
38373
32979
30729
17701
33140
29120
49939
4906
18782
16951
18602
38615
47145
21854
28590
4317
1182
8622
25930
27889
24163
40663
17740
13828
3193
10123
26106
46115
20128
23775
43728
43834
26415
12382
37933
35029
27028
23993
49963
45923
49426
48596
1271
6922
8827
44470
22833
40315
34437
28278
16659
32044
37537
3160
46721
18144
47764
49361
3071
48642
10799
36853
1705
29090
27717
44696
1104
41224
32432
31921
2897
34184
27093
32542
41532
14415
32739
7845
20754
36352
42747
27871
15030
29373
17015
42638
31171
17060
22353
1846
45963
39818
10031
32442
13524
11257
41405
15388
45197
7327
35295
16063
323
36788
45325
18972
29967
40020
37049
49777
29293
27850
1004
29897
37130
49768
5876
45243
13549
28185
23140
25801
22756
2597
27853
2306
18128
3301
44571
2791
3621
27925
21951
33544
10534
35442
13707
39534
44840
26905
41950
32335
17703
7053
16970
3568
44280
5964
45794
49866
22371
34021
47811
8710
41270
32033
19572
40203
1963
47440
47256
48705
49784
28758
12732
34105
6230
46352
47417
25594
4984
35444
9671
5528
45074
38710
47131
15655
38504
45472
14518
48052
47664
13420
40831
45004
42688
35170
27495
25085
32249
35701
22804
7578
13094
7049
36132
2389
7966
25809
21289
21406
2168
13935
2317
18474
19053
38892
33865
37373
48169
18692
31844
10323
25414
2803
22419
7004
47167
37985
15111
6478
23585
19978
47373
33389
522
1515
34360
10900
19640
19087
14849
10150
11860
36070
40860
42832
30638
26423
2123
34218
33659
47171
38869
23079
18438
39994
41258
736
29139
2782
49209
220
35121
5078
33010
20193
25810
33723
5156
45009
42763
26266
26861
30591
36292
25651
22494
11881
21961
44793
1544
30377
28218
48538
29354
24015
44453
3973
213
47831
39318
36505
44624
22753
5625
18585
7294
17226
27436
16085
28351
3377
38266
2183
18004
8410
806
48922
9079
46917
40185
38722
1820
15554
24859
7065
3724
7534
22622
31586
28308
12295
4894
1322
43470
34284
36293
27873
37730
24395
43194
26461
48898
23183
20904
27690
8985
34859
26490
27157
38360
36187
44351
24561
35278
6571
11347
4244
5601
30148
17919
44750
29038
26234
47843
34699
28090
8524
41337
31274
43298
14046
9960
44923
1143
46891
5326
12263
328
31340
8365
33747
6494
33043
37577
39223
7653
40035
18054
29703
29341
23589
42667
1585
43308
20805
4775
11737
13518
41261
7889
43075
13274
13683
44555
26891
9727
21830
3522
647
27339
7448
5586
13539
23685
35172
39719
33227
28261
29891
15469
16426
17409
37089
30079
17302
18016
16960
15505
49864
35882
4956
8179
41994
39121
11152
21410
34595
23312
2199
33944
36165
17198
27331
15165
34476
909
19898
37983
10970
34159
1948
24919
13687
16165
38457
28910
47461
24393
36237
17004
23341
16364
25527
30961
13829
19527
38835
31093
28520
2021
9852
37087
19854
13505
6087
43018
37441
17770
28748
35320
6993
38595
33627
36552
48661
46370
40388
46910
29577
20611
4428
11346
45725
16914
40839
3989
32294
46964
10135
23833
14122
23700
37165
10939
44286
13866
36280
21167
40008
41478
9762
41995
40080
7027
42725
17158
538
36356
19438
27792
42378
14905
23288
48235
18635
33654
38981
5036
23326
39542
48801
36710
13953
29265
26404
2830
17094
2656
36003
15098
5788
13633
15825
48305
8756
24742
34063
40880
18416
47986
37507
22749
13987
44894
30956
44839
15433
15455
16305
4652
27385
1122
37539
43905
36091
12804
47150
19770
45447
8981
47298
21636
40693
4189
3855
37510
3395
16528
4654
11094
43484
2041
3146
43715
41366
3266
10552
43337
46378
16016
31989
39758
33482
6229
49278
34618
11533
32723
6136
48325
16994
12726
10786
17557
46834
23259
7081
18660
36024
47939
9930
34962
7426
43604
41599
15676
10376
43524
2167
48093
5239
11277
48368
35501
30515
8800
39483
6865
747
23141
44222
9057
22870
23535
36696
23278
14014
40280
15957
33520
23690
45972
25237
14583
39413
43017
38235
24988
49953
48103
45065
25086
23410
15728
45708
37986
31255
38185
42047
36104
34005
8560
41850
15016
38563
358
27989
8636
3123
30176
39656
19600
36927
5001
44236
3122
4562
25222
46674
14915
46033
8734
49002
24095
3926
24474
35078
47108
145
43477
5398
13526
16618
28976
28743
36515
18386
11319
33624
15266
35975
24703
19197
9139
31718
36864
40287
21102
8642
49965
44780
14479
2329
2722
10407
31132
39935
49923
41084
12489
28264
36598
34965
42094
39827
19659
47537
24649
47627
11456
45118
1258
4092
11050
24860
33056
48748
33981
22940
47578
18350
1716
11790
41717
12179
14768
192
20589
20859
38155
28669
7880
34237
16985
34078
30292
8647
11937
28132
38158
8195
20220
15821
38432
39746
46332
48619
39750
29319
24995
24743
49314
43995
46421
32240
10134
17200
8712
23679
12311
19947
39621
36615
4433
47561
18762
1983
27072
21895
16565
26072
48069
3174
9955
15542
49333
13554
23230
36424
44514
19969
25909
48118
36093
8747
28583
21564
7475
34894
28074
37235
3860
28315
40202
39322
41892
36585
44741
32404
39903
41952
14261
3427
47506
46161
23681
15239
38489
45981
16726
2514
41957
21708
24646
3637
37029
6210
46995
19798
1841
29160
4795
41582
36236
6417
26671
25746
6303
45689
45411
17408
44486
39486
37101
9192
24639
47608
39353
25315
40438
10533
20772
40097
23129
42841
32292
27539
27414
18547
566
18045
44789
15667
34012
18067
23090
46789
28809
48288
4494
19776
43832
26769
3570
2004
4044
37938
41678
19551
1330
28607
12712
30522
15693
49423
41042
40341
3330
4016
9889
46606
35041
41910
13698
14349
9814
29052
15901
27742
23347
24002
5501
26654
31211
38913
49094
36087
10610
30656
23077
21342
38248
28598
42775
28234
21241
32887
29393
29334
6942
4935
6954
27205
3060
43494
12251
28922
35261
34275
11355
14690
27094
2630
23820
17365
12399
40284
23958
47454
46416
21739
49698
14804
46754
14528
43969
18811
34591
30572
11864
36800
32022
19123
3390
36770
42261
25659
44937
31050
27533
45322
13426
26275
5894
32167
14616
30706
4577
47364
22968
30126
38583
27591
38685
48140
22022
11972
33868
16261
15299
46799
38497
33211
12731
22831
9132
11765
46278
34884
5468
44570
22385
34722
1195
3698
26851
7720
5557
17061
46990
22467
48933
47514
14669
46143
9045
17330
29812
6266
3770
31087
4378
12378
11211
5176
4886
30452
47268
9808
46532
30063
27492
49293
21440
13004
2571
27375
38635
16719
34731
35626
37935
42310
44065
41309
47546
45392
3302
29826
27390
10482
31983
289
32232
36368
15735
20549
22137
43886
4255
2681
25608
42264
46635
36135
22837
39581
15539
15848
25268
13867
49956
13090
3662
16343
20554
25024
4725
45962
41658
18495
7425
1596
37923
32962
32554
35215
31324
13691
48104
43048
31819
18616
32183
45553
24003
32
26436
36811
15586
4555
3382
38751
19747
3137
20181
15412
30475
42652
5628
44846
44820
35972
37069
22136
22579
11710
24654
22028
34900
49816
2261
48048
37114
14536
19486
29366
12830
2693
6728
11305
38054
14787
10313
46092
43645
24890
45301
21398
13273
44318
41679
46798
19816
46428
8376
29330
1042
2266
32939
5908
19719
17010
41839
19548
13315
8669
26821
46260
31505
39263
49920
46266
40973
13930
7445
520
7036
42583
23163
36073
36361
12911
27642
14199
46837
1111
11633
32967
31105
43794
4190
1594
31253
35760
41831
16687
8822
45782
23443
38288
13089
18932
12919
3227
38194
28227
39938
4218
27009
33517
49617
31560
46683
9258
20312
21156
19530
47476
5735
1545
32943
46958
23000
42955
9717
48429
2101
25992
21726
37074
44944
3672
46896
24875
29123
17249
10424
10953
12282
21416
41383
8284
31060
15464
35540
4750
47581
36886
38199
43205
39858
21053
14253
4311
31837
7148
38702
568
38209
42000
30880
283
46231
28981
12682
26547
28382
30117
49307
47119
273
4205
31400
44356
5483
26494
1044
17666
9195
16192
18721
43521
48297
38480
21809
14195
20542
24647
24906
5803
36307
29904
35714
47833
2085
46730
7766
26061
18890
16836
36014
5267
14272
41784
39136
12367
31351
16152
28640
46213
47949
3734
41575
31543
11949
42824
48348
29512
33529
40398
14637
12551
15285
10519
48320
44589
453
47796
38431
8593
21605
5635
39599
6245
25048
12254
18822
20756
49299
30467
49199
39717
41829
1644
12255
23742
21153
29748
15176
35405
33702
7293
42176
19491
1507
40496
36613
16220
23845
48079
24690
22880
32648
47386
26692
17477
24034
41504
42979
22567
40733
49668
44649
22169
43378
20730
19933
49084
43622
25133
33008
12014
36582
8823
41706
22697
19318
28703
22708
42992
40712
28397
43257
1891
35262
11605
48657
44760
8432
14861
17095
2275
37309
1898
37780
23387
14726
17875
39175
22201
8531
34504
46044
41863
43330
16359
13685
46408
44867
194
29564
40188
13217
34539
19851
44656
5615
1302
46836
39655
19326
48481
41110
21211
16622
40231
4967
39291
40610
25135
34559
2398
16358
26991
14015
21258
34937
8496
29877
24552
4237
25420
42141
10706
45460
35539
6372
13393
15159
3457
24619
13716
13277
17520
15947
21815
22507
10924
41665
35035
35415
44432
7709
42536
5653
36539
16533
47260
37712
31633
1800
32535
6074
11776
36084
25812
21249
2334
16438
12337
49860
16463
45579
49999
4834
30796
24057
1267
41657
36830
42871
20432
43553
25580
48196
13972
501
48921
9900
28304
9571
6953
38277
37535
5143
26904
28534
49695
16459
45509
24582
28915
42476
18526
48100
21901
11638
48083
33326
18927
39732
5475
18001
40058
13424
6704
4140
1231
37978
39067
35156
1606
44830
20847
4586
6177
29084
3965
36526
38283
29872
43745
25186
24902
11301
37721
39806
4136
35805
44689
41548
36903
38770
7482
38125
40779
9290
43045
40395
21788
38202
35924
12449
31648
5447
127
1270
28134
43114
49302
32892
15998
41711
21864
4800
7841
6123
23954
27262
37006
23909
1752
31868
19301
28585
26720
34781
40399
34460
49116
49065
46968
8571
14598
22211
24302
8807
2512
39749
46833
4421
8344
25645
26896
3449
22619
34914
22526
36385
32104
16140
11254
37152
41341
49849
19225
25108
47639
24883
10239
40391
15218
40425
12925
43100
49561
48855
2061
6253
30136
15219
34594
44259
35459
29912
45652
25010
43561
14568
47414
2392
39235
15357
15395
32661
37704
18791
4385
17216
44600
49662
34235
12869
14724
30238
40559
40739
26303
23784
39273
34624
15719
29439
26704
46569
32402
10526
28700
13181
41170
35211
26253
33105
23884
11537
21790
11227
48557
47936
23823
6310
37626
43943
21827
14171
41188
14753
45960
5137
17521
30147
23118
9980
21567
37226
25443
19072
14411
14022
34148
22668
3164
20294
49157
12123
35989
2890
5048
12049
16424
32235
39495
39754
47557
49645
29537
39478
27608
9039
24946
44133
16303
8658
39401
18085
15290
44124
37073
19126
43059
38988
41289
7870
36549
8966
42633
3241
15490
31904
47285
39149
43169
36781
45255
26556
36426
32773
20010
34202
26901
2695
41708
26198
45264
16210
32883
49649
25352
19286
26508
12867
19725
44466
21371
16227
549
46737
18734
15863
18441
4480
9443
31218
5420
12875
47601
366
14169
43147
36366
49038
28447
16081
43841
36056
48391
39457
3501
2613
36601
2887
24781
16603
30621
22938
44204
40728
16814
34126
41102
2383
12694
35813
2962
14789
42131
41193
16804
37071
1308
35555
37731
3902
45105
34876
27759
28713
8102
5822
33641
47798
46530
11541
36225
9292
6044
40914
43911
12036
21963
22096
3833
27714
17831
19590
22204
45661
19097
12073
12885
11841
5679
20455
6615
45775
7554
22682
14290
31222
23214
36528
17274
36944
3394
48882
48314
12640
43366
10258
29679
41375
13016
40500
21252
37498
41146
40686
46189
19102
43751
35818
12234
44882
42746
25444
29883
34831
40265
27609
48077
4939
1589
48172
15707
39493
48769
3895
834
12248
44876
18169
36019
47185
1421
49370
11181
12417
6504
42280
25177
18524
36569
32383
27735
28547
40259
25793
40705
34366
36147
15124
23108
36979
6894
1890
16267
2020
35932
47659
20520
15132
921
12746
37652
24715
3223
41948
34503
32557
31090
3754
36044
38609
55
13841
16758
11879
34311
41866
48949
48459
27174
36834
43383
2663
39852
16585
35807
27852
42826
15121
46029
8192
25168
9712
16348
2560
8190
12884
2967
916
37123
39379
5741
9819
8666
14880
16573
39675
19239
17791
37169
46232
14003
8604
18403
29734
44410
25821
44152
607
25110
6815
9267
7207
27767
41580
40276
34835
41322
20241
18107
21529
42119
10172
16421
40534
45587
41912
10797
17512
47696
39253
14534
37387
49778
39591
15428
31518
37855
9259
5507
33134
17724
43616
11770
1651
49259
49275
28207
25881
47419
7517
9607
1450
18814
12481
36529
44631
23806
49879
42927
27836
6114
38594
48872
38183
40436
45120
40480
34957
49977
22271
2603
5837
30780
36256
44678
4816
22852
18669
32558
33384
34623
29444
25980
4010
22356
49357
26351
31163
14715
10455
114
38741
49493
14212
44129
2069
15416
43191
21274
49867
19400
10369
39327
19282
20480
36796
41460
28048
31611
12264
33355
19661
42311
42822
23455
24510
15269
8852
27638
11379
48707
36092
46457
35526
41693
21772
35179
46269
44870
32047
17438
47795
18678
11243
6444
36586
45578
32875
19614
48682
28834
29233
17708
45663
14429
9593
3933
31651
31735
47680
45514
32072
1715
37591
12271
15493
49035
38177
45965
10753
34556
519
25950
19459
14082
2858
27014
41545
27454
20968
43757
26743
15484
18300
17865
37576
27760
15140
44467
26705
37699
27706
11118
35732
49195
22482
47344
43913
27757
18971
35486
23920
16943
33817
10046
21268
28533
17766
24099
28651
1509
47355
11017
48149
20344
11809
20082
9123
17263
46397
32841
15397
20320
17221
6180
27012
12894
8620
12988
9603
21566
1038
34048
48301
5939
2524
41734
2875
39926
21804
25271
1
6683
24928
10310
38758
48999
38124
43685
16086
1829
49064
48835
5516
39526
36514
16148
18651
45715
48735
1365
8708
32528
34579
32972
25424
35350
6193
15536
3509
35614
27038
46216
44265
42060
3242
42715
18282
40491
38260
13298
8908
40021
14645
5683
45926
36531
10547
43826
7550
12490
29939
14689
38
39840
36171
7670
15403
34848
21890
24132
12615
41255
15529
37172
28429
45032
16347
21298
8278
23160
4475
22029
13639
31900
36752
41880
37569
40296
40603
43819
34807
32203
38752
46761
207
33732
18207
335
41099
21296
20595
37483
48029
10328
1436
1732
32532
16965
42850
7780
46655
19870
12908
23551
48443
23179
42730
16318
46140
39651
43786
38833
44042
12595
26587
34163
2373
28877
22140
31248
9579
18649
46839
32109
47875
43286
9922
21023
45087
18741
27026
11868
23578
14093
23431
30663
22788
18384
39053
23972
2283
7233
38577
47143
41032
1602
24785
42287
10032
35340
21849
23786
13788
33067
48520
47721
38230
33682
40461
29663
25632
43901
14808
20972
38347
45022
11329
49690
49756
32769
18690
16642
42316
5733
40714
17837
42165
2032
41579
39264
49305
23275
16576
32445
5954
21057
483
23797
6225
34664
46788
41306
21286
15724
48568
19865
225
22082
1833
25665
42291
6259
12831
23047
18337
1825
9146
10453
6854
12084
14794
43486
25919
37800
40170
39301
49254
31488
21096
12043
4316
18368
27286
28103
26729
37717
33876
3995
7713
24148
24036
31110
45684
42032
2396
10167
18920
45310
48914
49404
7775
22774
42891
15048
49104
18488
9977
34679
25362
7655
31447
20362
31449
20839
41828
30496
36819
21845
29901
45636
43791
38265
19206
7975
30253
44544
9359
26849
14263
37533
42835
19502
12079
36229
32269
8805
27041
31544
612
47164
35001
20101
6651
44508
1190
12715
15092
2409
11630
14465
17165
27728
45787
39832
4759
737
4764
34491
18656
9303
20663
41413
40829
44670
15080
18624
23211
19878
5327
21899
26773
39692
30658
33512
39015
5092
45405
46164
17568
36303
24545
8696
32092
43671
16708
3896
48763
20535
22351
16166
49146
16037
36626
21514
9432
40219
31730
49142
12296
4985
21481
10904
37518
14059
24379
9361
18174
37863
48591
29046
30707
42373
19648
26132
7330
41998
14597
32216
48979
38040
2462
17268
27397
43054
20410
22937
10575
45211
8551
25164
37955
37819
40677
20792
32036
14945
46787
25126
869
45379
25957
24585
46762
31606
8059
33582
6810
40699
20356
48210
17308
11178
46507
3675
36484
33808
4740
2394
15758
37567
16544
49069
14769
649
44099
41377
18462
15829
42839
40175
5044
10934
112
38775
46405
28735
30837
2505
47592
9517
16663
6035
7904
28542
47196
5934
20898
40250
5385
46390
2132
9984
937
40883
11217
44425
38806
42260
13689
38732
34025
9699
5370
4251
24184
22685
48134
4548
43316
16474
33832
42080
239
18354
10488
18957
24523
16611
47395
349
2356
5463
45431
12174
38719
45485
23991
37531
46780
383
40890
18952
28336
21661
39034
38189
25522
231
23696
1154
33400
7085
44112
19717
39226
21515
7808
36833
40503
22571
7675
37425
1563
42493
22586
32604
41040
47598
46865
34766
19291
36124
39105
33050
6358
47804
27308
38176
23888
15153
17335
29283
11662
29625
2282
23102
46479
32627
31038
14566
36675
43878
2098
49033
16749
37551
32813
9419
17570
16826
5605
45117
20448
8974
8519
5396
21700
49738
9084
35460
7352
35908
36377
36281
49087
2272
86
20329
44834
16888
3625
1595
26520
45949
37755
48996
40129
37303
26910
42115
35985
37229
26368
32375
33279
11756
19488
37381
20498
932
29639
32968
47656
2102
1673
31785
47652
24604
9066
35090
30203
49893
36012
31301
27515
36723
45917
9167
30186
46149
12479
8012
40954
49469
44619
23899
41967
48274
3955
15751
7736
25772
27324
16196
1861
39304
17156
38488
7561
5472
15731
15252
9410
30000
11023
15977
36565
30611
49308
26018
28076
44851
47643
21439
18130
5227
2024
17992
16229
18209
21684
14064
36637
38728
39407
46773
26721
1127
49712
1398
36095
40155
46170
719
6677
3440
48479
18052
9083
33358
3023
42639
15543
36274
37313
18699
48173
31070
27940
48838
8867
43306
30014
1772
16158
2401
15099
27330
15650
49819
37255
10637
46934
34948
31621
25935
41400
43868
36295
42836
37095
42369
27565
40416
4234
452
7491
19313
22895
27528
22391
22171
44993
49795
36174
38348
10721
10483
6725
33841
39165
16338
47736
47227
13927
4938
21135
46916
44786
6227
32263
48233
6346
9719
38649
32576
31458
26682
30384
24512
38318
43177
49697
9692
15466
22024
19560
23528
44448
43297
21460
40793
44183
40511
8163
22090
20102
1184
4339
28860
4882
38420
32416
24342
25677
19302
5714
47071
9740
25144
49075
46280
41014
19809
42904
38084
17591
25338
40459
28418
47540
44657
46160
42472
30527
3117
26515
6510
120
18089
22493
34895
48387
37411
37302
11308
34133
4804
12401
7007
36557
7326
11938
15881
48194
5787
20283
20017
45947
30434
6023
29992
19329
26105
9758
46096
1835
32935
43568
26562
9161
242
11313
4452
14307
22441
1166
2387
929
42883
33613
25786
38884
24611
40871
7345
29494
49948
9575
9147
3592
15798
13227
46909
15970
46412
12638
48859
7893
32319
9585
36086
3556
20710
23241
42887
39189
24998
35822
34933
30459
3144
38750
5133
4410
19537
15323
41024
21727
48899
15103
21543
16991
19316
9087
41319
19804
21329
12292
9412
45204
6326
49401
16362
28115
11052
28489
46739
48067
37845
31484
49914
30920
6910
40682
37735
39854
19875
26272
21400
49600
5860
33972
2968
35670
33331
34918
10006
15794
29838
31451
15258
37687
42029
28123
9306
46331
32030
33711
18327
49817
12404
17995
12609
13407
10549
33102
4412
17758
18197
7943
38080
10672
9014
2478
5240
30598
3831
19750
11356
40968
44701
8762
41773
42606
2228
42437
29478
44312
12503
20308
35409
22016
40908
46724
46943
7730
13416
45625
18600
21943
6028
2342
22123
47818
40362
41267
29476
40069
10140
35971
12557
36259
2572
391
714
32578
15271
14909
2584
45780
41210
35463
12833
1803
22793
7079
16425
41092
40282
39082
1597
36694
14601
41273
25658
23966
25901
47012
21928
1850
367
46456
1923
40687
10687
7668
29743
36315
6160
23502
11024
12207
28289
15618
30369
47000
42352
34363
42862
32100
28189
32793
2579
17053
6068
37254
29238
14682
32844
39185
37238
14363
44730
42192
44675
39855
37749
31432
28305
19427
45816
45662
16583
11844
18924
302
42974
40563
44438
43729
16454
5056
15943
31835
29413
41671
46800
1485
31652
25782
45692
11855
40732
40422
4343
48523
19296
48891
7861
13582
27691
49883
36206
3787
27838
44723
44167
37700
30820
33911
49846
23478
14979
6724
22642
35594
4646
26409
21016
26230
42778
11769
13529
22718
16178
13765
36
21095
41841
3140
7314
11805
19760
19803
37467
18789
25648
48418
3656
26686
38984
44221
1571
38686
41836
39763
27468
35903
31030
16755
40213
31802
40620
21336
10765
36120
9943
16934
39745
1357
31591
42243
48176
49053
4847
46055
14707
27429
44668
41368
40976
49343
18841
37671
34902
34198
20855
45871
22012
47541
4414
16498
42046
7261
31246
41392
30832
4738
39690
28995
803
14017
43677
45457
36580
16119
1777
7931
45997
9321
38413
22711
34501
29339
7851
38085
8336
2963
23545
33167
1653
450
6985
5151
41263
26422
18471
20330
30717
7614
175
2828
21182
31295
44759
36728
28257
18609
49126
44928
38365
1273
48396
25053
5910
28757
30555
9154
26599
39409
41120
31506
6271
43388
1676
6083
41806
27493
18708
2056
11810
2115
38940
10961
5935
7541
39060
16070
28045
14454
24335
20035
44168
38190
18200
38605
664
42581
31973
36262
34402
48750
21863
7530
2290
48021
26399
2690
32825
8001
33572
23384
8555
46004
9764
49524
38911
45647
40310
48746
34010
38375
36349
1407
7439
36777
37833
47122
317
5700
31082
13328
16447
1761
17325
7149
24020
34175
45028
26835
29555
25369
39590
13938
44816
30278
46639
2971
46835
26637
33644
37284
5381
38777
3267
39587
38631
41956
35106
30613
25096
42598
8799
28573
13636
12054
14672
39126
25102
15130
32015
32275
32308
24014
2263
5756
16550
30181
45300
35421
14058
17916
20089
31409
38662
37021
33788
39522
26583
13469
45898
6092
42625
39151
31495
12674
5592
11826
31254
13902
6169
42312
30720
38385
12070
6254
30347
38357
37991
7619
29201
888
9918
38907
43465
26911
14737
39073
36986
49534
48275
14520
4148
11339
34575
1007
43445
37256
11915
3832
43371
17754
9342
49929
39367
25792
27769
42679
11795
4525
4282
41424
4377
41172
30922
12874
37265
43358
7540
329
31771
49530
27726
39735
49374
38624
38787
21489
1932
1815
48770
37008
26814
11593
40738
5828
2078
1881
24960
12150
10569
29556
19059
9006
40272
23015
27261
8127
6315
45944
33955
25309
41741
34763
12699
44974
24308
42186
33036
13223
2978
47631
794
14639
4027
49166
25391
49422
45150
32268
32450
38225
31816
5405
23768
47496
1288
5696
35296
34857
26064
36692
10435
35553
26429
32028
29802
30657
30984
16714
8688
812
4518
31926
31714
42556
27756
8804
38700
34464
35019
21532
7829
45643
33810
14590
19096
20307
35064
917
40060
49256
43641
2642
48662
32189
3039
32719
45936
21537
15492
7539
33895
42627
18883
38827
1955
37647
7886
32504
26565
29122
38453
44143
44924
46723
3747
16476
4240
10157
20140
27654
43008
30712
28949
28012
6826
4104
19696
10348
39328
18315
15109
13349
4323
36667
44852
40813
42089
41818
23394
28745
22617
28156
3135
49525
35087
48808
22129
17231
28404
45773
20889
46380
39342
5519
45241
33063
25253
38567
49805
10920
16091
49485
47058
26452
30592
34394
8318
42626
41586
18622
1124
27318
44822
27577
45665
25207
45852
21485
49102
37785
34600
27472
15544
29853
29672
4482
21818
38582
41709
43334
38316
21165
6823
45212
4861
17455
28468
35755
5323
18835
39625
43824
34821
41596
29785
8745
7856
20041
32838
37937
30330
10693
11176
36260
25446
36169
1275
31984
48356
42003
20423
14087
3640
45904
29212
47508
14071
10689
26069
28744
48193
27316
47221
32909
43488
17046
4523
9737
36395
32035
13147
49072
47408
42103
8177
23538
35434
28931
42910
35456
4840
30610
12072
1859
40676
43343
5769
42125
45674
38516
27354
21519
16851
1067
43463
19740
30921
24593
17538
10670
36033
2212
35538
2018
9049
48373
10770
41264
33264
26209
9156
29389
35275
29685
29076
2773
15506
47249
11263
44431
6525
30836
27982
42766
42025
9859
46807
31009
40519
29707
10143
43683
19710
36670
2554
6548
26684
12075
27086
12977
9678
28137
39992
12379
45922
2058
45399
47513
2974
49034
44577
1751
15118
250
17048
22606
27435
10347
49826
40522
16604
26664
42580
26951
42990
48226
42318
25614
42383
23557
44692
6323
15635
34350
23231
39205
5958
29286
32614
36625
12361
42704
20023
23688
44650
19665
6401
35652
23294
25266
11256
46901
43661
10908
49927
6551
7128
43623
32246
47253
29383
5306
39863
40772
35645
46202
41231
49941
14092
37534
26600
35192
27660
21905
24195
10510
22962
45254
31784
40031
37494
29364
32133
35578
42750
21210
20599
12368
43164
4805
49803
4199
21534
14936
48578
26546
25507
18490
37508
40711
45389
15432
38051
3502
8299
32407
32738
9994
4571
71
42333
1214
24389
24908
47640
28405
9906
23754
34871
36794
6422
37725
16489
5926
40619
40530
34563
24655
36950
48690
17356
13541
30010
7650
36497
10567
21749
14150
2553
21602
38974
48190
22375
8565
7533
37774
12915
47868
39928
3709
12858
28322
6480
44731
47402
25699
21078
5203
31768
23896
25705
1032
22800
30315
9632
3011
45313
33046
24123
5960
3746
21563
42941
45938
14368
21940
7364
31601
23895
46103
8097
42997
17604
35319
7839
47116
48309
18449
45139
6743
43143
38617
13603
8235
14553
7318
32192
32379
33839
10247
26316
45564
43165
39450
10984
39217
7363
29268
30128
46994
5301
12486
25929
41283
24403
19812
40245
3620
1717
9169
30425
24240
26685
15949
36914
3310
804
2372
33082
38412
27070
34903
4856
19138
38670
43146
21762
23529
14605
27491
47137
46766
45912
36971
21730
32754
2712
30047
4239
21216
42228
22488
31059
46500
41681
33035
4671
892
32108
49377
40153
26986
31329
39892
10719
13784
106
6559
33094
23591
36164
36566
27121
32643
42101
7758
42477
31864
42248
46726
31181
32876
43444
27779
49964
27033
16307
38846
13447
15741
18662
15444
41710
46559
17047
21171
37164
18586
43816
31007
38998
20621
10408
8394
3691
18846
41992
338
11877
6328
29874
41328
39741
8928
12416
15885
8470
17369
46510
21161
37010
10589
26174
32405
11067
5986
8465
3703
30385
13230
39979
26360
49991
14573
3547
19738
38840
4869
10729
18284
35125
42589
29810
28847
41038
25874
17934
41677
8479
41054
17548
49060
29792
39777
44426
43724
10888
29098
38949
37868
48053
37225
21914
14209
39766
6753
26776
37910
12355
891
47451
48042
22772
16794
5727
4382
48695
18818
4755
35223
46534
43573
25006
19312
43948
43295
25435
27426
8322
44681
29287
35355
19641
2665
41928
47320
5826
17552
49632
2323
8698
21947
1075
38660
23197
39584
14788
3908
11563
25762
46632
22764
21580
209
23543
46688
7197
24361
48033
24722
46247
17181
45771
23922
17033
30482
31961
16269
34789
44625
39874
6971
9232
45877
38499
36329
31285
42241
41307
14900
46492
14747
36738
33889
31934
12934
39538
10705
21431
40552
15143
18366
43283
47746
47957
37550
48284
29424
15482
49405
16896
43174
40576
43548
49533
43472
5963
34008
41037
45115
22195
22963
40218
42636
42751
481
48802
1708
43569
6911
10126
20444
37391
46691
19981
19617
47338
12369
39286
39152
35686
48398
48378
37509
10748
3268
42168
49100
2786
6012
18812
31653
27899
45146
2128
32834
6779
31638
10889
1139
5831
79
23094
18208
7409
44402
31777
9910
2763
11315
12020
32468
42340
4004
34028
5790
49822
30446
38555
3305
16546
24467
7020
18888
12018
31869
43778
21682
29522
24515
442
47962
24950
22946
3810
31130
18246
44708
12773
31841
26156
8612
7307
16257
11739
40460
400
46574
29819
43433
25378
37016
18854
33430
22714
40017
48832
15439
32715
4790
13037
28717
278
24070
38694
43455
39028
6765
31940
47045
25466
30599
42578
49897
42051
10011
30335
23338
21046
7008
40111
3070
9138
49198
40264
49609
12614
45339
40680
25879
10965
46946
41531
26656
19741
13820
678
10133
48818
6055
7139
20084
39388
47927
7947
31598
34979
49359
10751
18031
28420
42923
14745
46890
26328
21366
28307
7784
1329
33416
22971
47990
420
10256
44403
38509
29801
22119
24707
1699
11087
42497
18314
39245
10329
30433
4865
35930
36875
24096
37118
484
28832
14514
3474
29719
38876
27832
38216
31198
13490
17862
3797
39125
29091
2711
38101
25968
31045
43313
9116
7209
47360
34879
43003
3777
21159
25550
21363
20397
15980
26908
38026
26938
29693
41917
20404
38896
5077
10276
6735
28251
37197
13677
9921
38530
2432
23178
7459
39268
14517
4368
20920
49981
29892
8943
19872
30066
26466
24888
12786
42566
39199
23316
47492
741
9063
30012
20360
23135
42146
23565
34961
29145
5144
41566
5161
49514
30618
6382
30660
29370
29374
48879
21147
9606
42542
42929
10723
14660
15212
14903
15441
25417
49683
5668
2006
47985
3187
38486
34716
35692
10142
44454
44695
49942
48920
3856
39120
12101
8442
3923
2483
31587
42699
9931
24954
37408
7061
44224
7022
48062
44123
15181
14496
21608
20825
41750
23093
16647
48119
8910
35359
33212
47229
22612
25739
6726
42269
48545
19090
18756
26459
26221
10113
43541
12167
37455
6449
38025
29300
41475
34811
30505
10307
27601
20645
41943
47022
5607
1643
41285
17895
38766
45927
13577
119
42909
44733
18326
41811
23967
11904
12948
13983
22472
6221
18261
1276
34149
7579
43405
17761
14570
47240
20694
29284
31036
31298
32828
41145
39781
29345
29496
39296
44503
46838
18274
33927
9212
47863
24782
14950
25408
3961
8049
1415
31188
14378
39693
41842
47254
5879
20391
46200
14471
13923
39197
35713
9427
41895
5486
3034
43235
30037
40750
39866
44868
27059
12003
41494
47181
3315
33814
25224
28786
47352
29024
7636
22783
25508
45508
31634
38673
11679
8098
39117
45024
7120
34809
25476
26866
8721
13248
11783
49418
38471
5064
9961
8233
42024
40409
5626
8566
35331
46509
38159
32280
6562
46131
28728
29175
793
34630
45478
45763
37662
9078
7237
24863
38598
41601
47828
2761
46454
10024
34172
44054
8010
25906
38004
40651
13847
37068
37160
23604
11141
16190
13060
7748
35168
22607
2313
49375
42275
3857
42861
40988
11155
38898
48934
10454
44306
40426
23981
22528
11676
12969
43485
37723
46905
8402
34337
43875
11042
47853
36143
18594
19315
24805
22918
12960
34828
14602
30106
32464
43840
48508
49671
15438
37512
48854
14606
19800
44484
38556
19841
41872
39808
6521
4706
21786
34340
21126
4384
12180
12134
43519
22780
45804
16067
15304
11421
10766
42123
10365
24529
5357
8962
26401
17953
43928
46430
48060
24133
38607
49945
39293
460
18150
31136
41165
45383
24757
25565
7879
26177
45071
24938
40079
30665
45978
46008
35258
690
10112
46435
27194
35248
26345
12477
27833
13996
23088
41597
14200
17415
45740
40668
32129
37850
25372
12199
49373
40126
27682
10735
18769
38713
3136
16477
17288
45490
42299
45412
39650
3463
17892
511
34885
276
30692
21770
47903
28038
29116
49580
17130
13851
36985
2333
18357
13051
6019
8667
3972
44925
19402
39986
30438
8568
45262
43238
9178
31266
11516
30371
35287
38788
38427
16112
25753
25514
29325
23085
27135
6709
10382
39280
29705
14957
42913
44920
26819
21501
10876
6862
39902
38608
19672
40961
6313
32368
41731
16827
45626
45270
34298
39033
13622
34429
21160
6081
29172
6490
25679
13920
43012
41883
4733
30070
34675
31084
824
10013
4444
48363
13312
45679
36142
7487
35243
29114
726
32161
30779
16177
34728
20638
1798
41331
17889
7268
8129
9779
33406
4492
49039
40722
14184
1949
5827
49969
8600
46031
22188
45436
12306
1530
10613
39276
33328
38716
45970
10199
34310
14433
38445
14694
32672
41370
11221
5545
47117
39070
38359
14265
22549
7258
49148
41874
43291
5904
42764
42313
43933
12752
39203
10747
49233
33793
39575
49263
37656
30943
31670
32409
24466
49970
47800
2138
31315
32112
29808
13145
14906
24327
28003
199
19678
14151
20842
15670
37007
25639
35774
40411
17364
9280
38003
11789
23955
42010
45806
37975
14019
38193
3997
37228
30751
44732
20168
8461
17640
37185
34277
44316
28180
21793
5493
3586
31814
40623
37299
5824
46308
47375
13911
27684
6557
4260
41349
33615
20837
43239
15378
19408
40096
44341
17763
21728
4137
38127
19828
14040
40326
7553
32886
44444
4921
1940
16333
39101
23036
49051
36205
42126
10177
35927
10560
19756
2277
5620
22155
30345
39973
29065
35829
38659
7768
19065
5334
14406
39569
26384
19062
38081
17222
46704
59
26122
35843
36323
43268
47665
36717
22976
12431
49996
19943
39801
38380
48850
4446
38571
11775
4594
1796
3084
11862
38618
29321
23582
45321
27580
14156
43711
35763
9839
42915
45748
35054
31076
47394
41512
32821
43285
29331
4096
19396
23842
47092
39460
4976
46918
39552
22187
11624
6946
12610
8193
21740
41875
39065
2973
3361
46148
7109
49098
42077
12689
21623
49982
49667
5261
10767
44502
27425
4528
4931
13542
30230
37064
16527
1490
35997
21360
24374
550
32351
9193
22754
45002
21091
16676
46095
29219
21595
2393
1209
20249
47685
41696
22005
49593
41271
24575
40595
40579
29836
40723
1711
11314
13627
21377
10245
49409
10396
5711
22881
16558
26195
36761
15236
5832
48627
45251
17407
29532
25353
20744
10785
35081
16852
40543
24422
31174
11621
3626
25277
29989
13898
40038
45529
5995
45048
9932
8884
49406
9855
26098
21471
20823
2296
5142
6336
41830
28562
49875
38215
27496
10115
4844
19924
36740
28015
22231
22001
4945
44176
44025
7296
30867
35863
34268
13779
38912
45033
35744
19512
23305
1845
41029
27606
26888
6387
11878
25496
23749
29346
45434
9781
14717
3970
29903
45736
31304
43314
906
20264
31959
15061
2538
2541
14380
24354
24088
41594
16141
3417
45630
8829
40571
11767
19687
43762
25212
11108
11385
23408
1177
47398
950
28686
34986
13546
11548
42902
25926
25033
5801
11665
16375
30291
49120
21948
40624
41122
12521
40916
46624
44479
23816
25767
48883
13121
39907
8454
10298
41871
16416
48206
39269
13921
46868
6466
36706
29777
48139
2353
40556
39116
47815
29402
23865
21318
227
31097
31184
25946
8425
32185
12293
48170
32847
27807
47505
39613
38745
8936
8074
9472
18348
11629
7757
4128
24470
28597
29544
7702
14244
26836
46685
35909
14045
36814
40706
48085
31265
8686
43964
16187
25250
22397
34276
18433
11104
22540
2087
34847
13050
42402
39908
38540
13095
13773
47025
9676
47556
44945
36852
36703
6662
37642
39461
16455
1218
45732
43682
646
39477
41727
16023
2413
44597
44310
41707
42975
8231
38016
22243
11666
40108
26541
35567
27175
43159
42490
9009
5324
34968
29488
21791
49168
26066
41357
11033
34487
6183
3158
38049
14725
33681
27052
47392
18114
44013
49272
4215
17485
49562
42027
46963
44633
33612
46185
35944
30402
10248
15217
20054
25612
23866
49277
30152
31834
37892
41508
40862
16059
17554
27854
4544
3912
47050
36224
5527
15549
32132
23969
21248
27444
11364
26249
45304
18726
46410
34827
6748
6874
16357
2925
36822
16136
20986
4812
41832
30597
157
39111
29027
16456
47031
16675
11187
13690
16276
11594
1939
29609
37915
24006
28319
11424
12632
38200
9986
1474
18217
14919
10669
22684
35832
20988
34468
18062
792
25261
2418
12430
43513
24300
6107
44296
27595
22659
37734
12396
6633
46327
27124
12328
25437
14115
38573
23906
40938
33292
39360
28198
43021
12681
24227
47302
16049
30427
13231
7279
29667
31662
41700
893
48344
15734
46928
27254
45758
47714
24116
27578
42099
32302
35210
21219
3694
39980
45391
25764
9393
19037
27974
14499
37318
1354
9476
32533
18605
15300
4578
43118
7232
48544
42697
22046
2531
1911
42787
2498
37856
34440
48963
20454
48953
5726
35119
8384
28873
4783
27044
49057
45079
30134
26320
21349
40989
5338
39449
33604
22455
27465
16114
34712
44377
30957
3380
38855
27154
49355
15605
48638
5
27876
14417
23486
29652
5012
21297
14129
22700
21245
117
7157
45955
35283
1072
37100
44074
49464
8907
46988
16929
23714
8735
29171
36994
17133
22763
44598
16351
11128
13001
960
695
24208
10805
35277
28062
38995
28988
42951
1381
39092
41406
45722
4406
6714
30923
49344
40940
16369
42509
49733
48252
35899
16397
49703
29115
41534
35024
27257
30877
13249
5761
45109
11658
10842
7182
39104
43014
47810
48486
1638
38319
19337
38956
21066
10973
6009
21184
39354
29909
24601
46744
24489
32649
32371
22663
45664
4537
45931
26538
44378
30548
13144
36040
29053
18499
27251
8418
42590
46415
3555
48941
6265
27676
48569
24731
48586
41342
42821
5862
28546
28985
5068
45273
36096
5873
12112
41471
38682
34977
29465
37877
47817
4933
49713
31065
15917
35956
9127
37133
33028
18746
20913
24078
12736
16735
17648
18666
41584
24290
1260
18120
30399
17674
43874
19320
23516
42761
22369
43562
34084
44910
24572
1002
43276
22565
37496
43742
3575
13944
42038
28138
10685
43974
25971
49511
35528
35233
33381
6085
36258
10899
5701
14376
42457
38671
45466
9981
42928
17642
20763
47704
31501
42756
45440
28173
14927
18110
31143
15843
43681
30874
47019
10353
4206
23434
39825
49335
23430
33969
32414
48653
5512
8853
49714
5551
18625
44398
14287
23250
43902
45540
28406
7219
31487
13951
7275
48113
44499
41220
24381
30141
48147
9283
34108
1045
12461
47888
10334
17296
25687
9416
15789
47852
28634
5329
38178
19395
8925
10750
7557
2539
15619
41234
49386
33338
43618
8971
48846
33127
34943
15230
294
39408
33481
21933
8553
21627
16517
17304
31681
11167
20918
3108
18454
38182
39822
16562
7301
5604
10416
18719
2799
29794
16133
475
1795
34823
3152
27110
17949
37666
41636
46843
16838
11954
46494
8891
36197
6891
10386
15585
8637
48332
3687
6424
36325
35376
45582
30213
7216
23328
32789
21314
48105
49567
41149
25961
34088
43663
18560
43954
22959
44424
10570
39378
41108
14999
2037
48450
34196
6547
21186
19180
43646
17100
40010
4639
20679
49727
25770
17942
21920
30325
9143
27917
41121
42919
26102
35005
44576
10385
28238
3200
36709
8229
47462
4947
1901
5192
23628
5687
1207
8499
28174
39158
47486
2262
9583
35665
26359
4347
44546
43261
21806
16113
48697
17595
45023
15541
629
34960
17755
29551
16172
49790
47215
14818
35112
31536
36328
3596
3078
36535
15603
26804
40955
48244
42222
6039
18707
1140
45823
13731
34321
41819
31945
6768
38312
36069
20417
2254
1489
5295
43026
39995
4711
30083
24712
48276
3837
10769
42628
46828
2595
30726
48806
7134
2954
4086
35148
37524
39951
48240
39481
37784
2877
11968
35026
40763
7782
10696
25553
979
15818
34565
5893
7791
18421
23308
12347
45935
22958
18737
39484
2040
579
37397
43236
31186
49949
11653
3299
11807
14929
9827
10118
13931
38494
24220
49414
45162
1787
33941
34719
6208
9766
41240
34833
16967
5444
46540
24921
3496
15369
13000
40874
33843
3530
8538
49597
6500
6486
39361
43009
19013
36148
33795
21086
12398
13713
7255
724
16466
29147
21670
13681
42430
44957
4785
48593
24242
2741
24051
44293
30883
20841
43431
15120
45869
7693
438
8948
301
35115
47982
23084
49622
12576
15420
20138
6802
45166
47748
34022
27523
25722
44872
24348
16761
45660
39633
18546
27969
18304
5634
45702
20570
34103
19177
47305
47155
32162
38029
36867
46016
19742
2033
42194
18739
32798
32131
19442
27248
5905
17092
30635
48938
22237
37789
5540
35349
34721
40174
36454
28787
48648
5806
13796
45521
28143
2779
23985
15364
40979
33150
41131
24378
5248
39011
6332
39616
8817
26666
30698
11237
41382
12457
49129
30454
2482
14060
41330
7546
45021
3582
25766
19815
22762
45128
12499
2039
49112
5972
22747
237
47296
40482
22871
15906
39371
13675
22564
32013
29433
42434
46363
38857
44475
45492
2982
26044
11509
33182
6026
27773
19306
33905
43574
10867
20939
29585
32122
43785
40227
561
45611
19565
44919
923
4634
27087
35311
25892
11103
28442
1249
15810
38449
40214
9643
14218
7210
10410
28358
35667
30587
21459
20627
18291
45051
35735
21428
39446
17668
42443
24679
17757
32456
22670
37067
8627
32329
49998
48621
709
26736
42039
22449
40513
44370
18205
42084
37589
11601
23215
48924
34985
32052
31389
22063
12703
41346
47866
7140
34566
31346
673
45622
10383
23971
48691
25064
43139
25662
10324
8118
45420
22474
47566
11733
6763
648
25994
44971
9026
35058
37580
46511
27612
48780
5988
40803
40318
33875
1219
11590
33125
34734
41064
1076
25043
21593
43393
31686
31230
34964
1245
6622
17580
5205
36538
38851
46543
18191
2412
18103
45769
49862
667
40622
2649
1775
19075
12528
19132
41771
39849
857
30295
12806
40443
21058
23177
23049
13843
17967
43856
12468
10184
43912
12991
16342
2564
9780
40800
18744
35834
35835
42130
42998
12695
40361
17253
36223
35110
47709
48249
39803
41764
4599
44178
36880
28523
38931
9099
6484
24140
45710
39918
48536
18507
25305
9653
1799
27238
47555
37210
2867
45320
41573
41970
29641
21922
40453
6751
41763
41073
29509
23646
48840
14485
2052
48602
47563
49505
41423
23927
32660
33897
6472
14881
41837
49553
38927
35840
44333
48511
13897
39259
46285
15135
6104
1867
33101
5674
45495
36220
31856
48282
36577
30024
48573
13229
22951
45565
29690
13957
20733
47078
40567
12819
1480
47258
24680
24849
46288
15516
21579
21783
33524
40808
3545
43648
23524
22432
28448
25247
39420
3699
5914
9580
40279
27240
15820
32170
37364
22165
22154
45185
27395
2697
47954
16497
19674
14382
41901
35867
5789
34461
11245
42178
29948
43136
33599
24861
45874
43354
39254
32745
6632
17430
13360
48259
26128
4437
48994
19529
415
33429
5689
4628
18823
39516
42394
44790
3017
6317
20717
25161
8881
8810
11161
18923
24351
30426
28722
26807
33080
12677
6904
32424
35040
22854
8504
40650
18694
37882
6705
36607
40110
6991
17252
41722
4248
34195
5211
29337
39287
14780
8572
16279
35299
1494
25377
19064
42108
11455
38170
26413
5072
14830
37826
11726
39219
477
49874
46006
2714
26521
19864
34796
10923
29880
33012
23008
9374
16046
42076
11699
30344
47630
21586
9641
39239
36823
29844
29313
32367
27317
49030
21270
44899
27762
26981
49814
1019
3733
25465
31787
29290
22454
14831
17731
16744
37174
16310
24424
13115
41291
48781
46411
19783
30840
43615
9566
45141
39063
17211
39485
13282
14214
16582
21908
16514
36278
29375
382
37702
37606
1078
15780
49736
31374
32111
48236
35076
17122
33083
29669
42014
14143
5752
30049
37571
29009
18933
29780
47967
7594
44711
29137
16335
6835
11203
38110
4473
38651
48825
8739
44451
39762
24318
38946
18068
42693
20355
17504
7
2798
41453
29347
29727
29047
23005
49640
22605
8960
35426
9536
46803
22936
39924
21993
44190
17707
39665
22054
39681
47787
41767
36685
19489
18587
949
40735
49055
28383
998
40631
43287
48973
27344
37545
11465
41625
6794
37305
10682
29830
28662
19332
49801
26134
16234
13170
39964
30370
45548
10205
24048
28939
31511
40691
25439
28292
16624
1331
44921
40199
35656
32436
797
33104
37961
22250
25749
18072
8795
49396
33953
22851
700
32925
13206
1408
5585
44089
10070
28460
49339
20718
26826
44539
31944
32029
10491
10139
14391
16972
22469
45278
28274
33414
41769
27314
6296
29850
5889
39961
45561
47438
9902
23493
31235
17793
48000
37233
2370
1452
44271
39642
22304
22730
13502
37250
5230
44463
46657
22553
33133
39703
48701
15478
47191
30359
17546
40741
33707
19772
41907
11264
25956
91
809
30913
12137
42214
48058
13813
14748
4103
29390
33163
42843
45530
36121
1280
24103
29041
22656
36965
5419
5218
11140
7052
43546
48853
48255
22765
7163
34759
5901
5491
39706
34015
25140
45896
46536
26735
15076
28876
31201
29957
1250
37563
47400
20442
33534
9088
46323
5204
49187
306
10378
2651
42894
35685
18520
45207
23789
21795
43820
20628
35496
39294
43130
49729
49052
44648
39433
26138
23875
49544
44413
9464
14364
18005
12544
13247
9003
40657
43609
46695
48109
45687
44532
12434
4961
15988
43489
46459
42555
43906
23921
16629
37583
27056
37592
47867
11962
34891
46237
47348
16515
22444
9482
15003
27155
11508
44198
25176
40063
44258
7865
41394
18287
30538
8523
30009
44883
20316
8267
37605
46572
47576
17506
4890
18015
5808
1297
41757
35337
49026
46742
17686
26513
36786
5500
11502
13989
12708
15281
15899
42345
19085
7515
2543
41409
32455
2685
30421
14033
39831
37752
43025
46326
33783
40836
15272
43195
44806
3789
35104
42733
35907
17043
15367
36859
20963
31910
41988
41886
49896
47649
20474
41196
2876
17394
47317
16561
2185
28689
16730
5411
10445
23050
39923
5945
48669
17383
47006
31208
6015
49237
31994
8331
7032
49020
39809
32053
29526
46254
6312
5948
43134
46770
34442
42931
4453
25868
4221
32845
40658
45885
42057
36584
42332
7441
36982
11574
25418
23547
46751
39691
44325
6272
1519
12456
47678
40030
18688
7297
7473
28058
24845
27544
45824
18111
4582
40285
9616
20194
19165
26047
15752
27747
8798
47667
40742
40050
17726
17586
37677
6350
41628
25602
12229
48581
20787
15880
605
28623
37706
44976
13832
44735
6777
41981
43228
43678
23113
41922
33752
30261
29409
37290
6598
30180
12624
22390
47932
32667
21801
45418
49592
45865
38386
13663
19694
21794
5461
11428
37430
7354
47629
28861
9133
24042
5931
11846
41059
31205
2439
2057
1395
49295
20815
44434
8946
16736
31515
48414
20187
9495
30212
18213
28649
47082
40070
48286
28084
9118
48020
49808
47444
41617
9422
17276
36948
23676
14377
24009
26152
19917
15197
38680
42531
18871
33365
13164
43290
38462
5384
11348
20295
27227
36405
32372
42504
17024
13046
2682
14497
18556
5877
2246
45778
8011
23963
41476
49709
4294
31914
1377
7646
39887
39689
16361
15496
22199
31551
4524
3041
43361
37443
13583
361
22043
1822
1427
42575
28812
30616
8149
24340
29899
14266
40498
11852
9305
1065
47590
8657
12113
40745
27115
37686
1649
19945
10360
40053
16557
36204
39228
25264
36877
16979
29910
28733
32982
43474
25279
6986
1070
6325
46259
14481
32709
27567
21152
21491
42615
17807
29441
13411
2368
39767
5037
17377
24451
45203
10979
38623
46976
40355
29949
11488
26937
20736
22347
46335
42897
28613
44617
9729
26472
27952
37581
6033
11324
11894
32537
42601
24544
42774
2771
41627
48668
23925
18047
25922
10627
11101
41292
12938
26868
13878
40599
45945
36244
44726
14710
34570
6905
43083
26366
44360
633
27060
39912
34639
5732
20635
17790
27527
132
37145
42026
47230
18083
13837
18727
451
1211
38816
29131
197
39064
38045
3811
10903
44405
49516
20559
27150
21653
23951
23073
29716
29978
28183
4005
20057
22863
46013
12116
42671
208
49581
48361
45052
31322
5138
41641
44688
36130
19518
49273
38298
17117
36475
45709
22799
48789
28283
32988
46267
40611
24666
34362
3865
28087
17496
25638
47702
45594
17718
12397
45226
9502
19354
48383
33098
38832
45170
43769
13543
14895
2732
44269
11032
44126
35747
26970
5415
26618
36039
24840
46690
35590
42804
49178
35260
34737
17858
10625
6927
8251
33998
21324
43676
40351
6667
18073
28664
25865
46979
47756
34322
9547
30089
5470
49054
19271
2184
38409
19358
39131
5435
49804
19622
49318
49242
22277
27483
15663
30885
42466
41822
41006
7662
36382
48270
43888
44615
13108
13799
26485
47535
23355
9595
33715
31749
27802
39265
7868
42698
27634
32193
43694
49653
4959
327
45567
40348
14394
11529
21040
10252
42982
42727
14455
49796
43184
12620
47046
45449
24261
23864
29459
3752
45887
41495
37948
17896
27361
22268
4127
43765
9392
45488
27994
33459
40262
624
36659
2434
4970
8450
3126
36355
10325
43407
10232
27380
44429
6106
42942
46785
22270
14453
21358
17826
39804
28684
29759
6260
40617
43864
32158
7654
45059
6839
25137
42334
21362
26489
49380
8255
44273
33382
41232
40223
6653
15457
37638
48677
49907
17155
12661
28543
23209
48086
47368
1918
17390
11522
34091
20499
35619
4425
6545
5011
33465
34875
24594
45184
47802
29983
3284
39010
17808
19559
42445
4395
18966
16643
34866
49092
18040
2068
25737
8458
18860
37435
4191
8227
25655
44202
2173
41230
26630
49443
12783
25601
38802
18945
20274
33933
813
13323
23794
5949
28678
13285
19439
36917
22972
35561
13666
24977
2898
11436
40923
24074
49664
44346
44257
29388
37416
23992
15854
20151
40533
25416
44638
41567
46304
18192
32624
11901
31378
43498
32487
45427
20545
304
25154
24109
27474
41729
47924
48730
43705
41023
26297
43847
7968
39498
9109
5535
48121
4075
20431
7239
48243
19973
41583
52
5797
34238
19342
27753
40347
37349
1405
49271
24797
45005
22340
16560
13260
3335
28893
39140
1928
3421
2288
17327
22758
43223
4965
3172
20289
7785
2766
21010
8075
31416
16326
22220
44912
3289
2361
610
13652
13168
10585
20724
7221
24576
5187
41175
13300
4362
46431
24056
45459
34864
24513
19472
43567
8257
19636
28024
35847
12170
47777
14688
29165
37958
45366
14786
4674
1225
1730
21869
40927
581
24588
40975
43340
14537
23959
18203
9629
25842
22368
41327
24710
15511
33324
4386
40994
13976
31720
47213
36324
29149
26702
43162
8526
9203
23715
44757
13408
40935
44046
10092
39390
24214
20990
9730
23800
19464
31027
40977
22019
36034
12789
16391
21688
5562
31897
8929
49421
40675
41294
28425
46147
19670
9736
8236
41541
27396
32706
593
49809
13457
12719
36061
38259
28365
18288
16443
43430
45145
41088
9354
22879
43631
45328
35886
4767
42903
28600
43572
44071
27463
34856
41923
40335
35865
2146
38895
48164
25837
45807
9899
8972
38861
29861
39722
41347
40562
18463
49010
17177
16042
38705
14801
29342
36053
2047
19845
41157
3372
35452
44422
48462
48822
651
48880
32423
14873
32688
37947
17031
33111
48744
7623
42208
49005
42302
14782
17469
32209
26555
47208
7687
47257
48437
40146
41021
29504
11521
31176
47548
27274
14722
36346
7605
12611
45686
38103
49877
41168
44849
35887
47839
27161
44843
32994
3098
17664
3406
25626
1952
40796
26726
34799
25882
3588
12453
36268
11287
10195
6498
15032
15370
17683
3014
13018
41072
28624
894
11827
21435
9621
4907
27775
40827
33224
46708
46506
45746
3937
44384
4119
17623
11031
42464
6859
38372
18613
23929
46167
17977
43918
39627
7910
15396
26296
11821
23359
3595
8238
47895
42829
9397
6304
1116
12374
23750
39224
39731
28967
47493
49365
42320
27553
32849
47179
44161
18849
40945
29658
25889
40342
5793
20384
47149
42118
26029
10306
33718
3940
1954
4130
23558
27902
22994
2232
4853
20527
9170
31645
38828
20568
35249
26173
42314
32633
19026
17768
30451
10052
14002
49400
7289
47913
47113
5724
4387
15175
42573
15862
25065
14322
31886
32971
33206
33474
18856
22715
4612
28102
31414
10692
24039
35704
3606
32713
24161
36331
39133
35916
26984
47263
3959
21335
11107
28695
46229
46684
15058
9171
43857
42071
42023
13564
22921
38771
37680
48683
2955
47057
26430
25710
5269
16961
46270
8277
19289
15784
37487
35139
23458
36554
31540
14890
4283
23186
40956
27058
43369
49556
23319
7595
42906
44965
20351
37264
31704
22393
46610
35150
41977
37464
46615
34199
7100
27393
14723
48624
38002
48215
15425
5736
47304
41737
44
31025
34447
42424
33059
13381
38550
46021
20953
28627
27485
18210
2414
11598
28116
29597
643
4505
47437
3979
16380
30727
13418
6932
33322
1399
22372
43353
30687
24453
49842
49635
19579
12851
16346
15991
11919
44587
42654
19602
26291
13745
49926
4875
17859
43341
46575
45246
25194
23520
38268
9873
24826
22068
5406
29258
5115
555
31457
8067
28398
10152
48057
38010
45242
37765
43893
46464
48974
2388
2172
17720
10518
47094
35256
12931
41778
29140
36401
39770
1355
28213
13504
45136
45463
32040
42021
11853
42993
7147
8302
20425
15018
32753
9052
2416
38599
48925
7435
48541
42203
23596
7059
35515
42783
2666
8030
37388
2301
30590
36772
49417
29566
30677
7737
38547
5097
43732
4519
20685
8677
10840
26352
7199
21215
27071
9525
41630
25074
25586
28755
28004
3549
41639
4033
38894
47862
33522
26095
42830
47999
38253
43555
45285
20494
17658
48885
45801
44982
15447
42075
8168
43116
34152
48420
38309
34981
11162
26797
2856
46206
5973
44016
20456
48630
2030
47350
32180
45683
8609
40920
2065
43643
41079
23411
47068
19078
25972
38249
20846
46781
34083
29124
11350
11572
28169
8463
4167
1086
15726
12370
49566
27935
29051
23814
15893
22420
32136
22869
9151
3652
36578
7042
8547
30353
39490
36537
8208
39054
44441
34586
40004
4331
44031
5608
31975
10484
42634
8599
10872
21798
39628
28294
15807
20092
24019
33120
35547
32339
45996
47574
5235
49494
12645
26317
34568
8920
42986
17596
1713
21089
35636
40766
17282
49823
25215
43802
18569
2023
46636
47449
9112
1343
23089
18953
16686
291
3710
823
22099
30697
9631
37363
1146
32096
13581
45075
27123
13045
23283
5421
40122
46085
419
10022
44612
46300
27746
251
14405
29057
46274
2831
4408
44497
42762
17900
38296
45311
36756
6450
42407
37066
4936
46567
7110
10684
15945
18773
22070
3050
33349
35180
33980
39357
27048
22771
18404
9222
4581
47602
3968
48313
38870
30311
30408
12390
18970
14225
46920
32891
34934
20470
17657
15662
34832
30803
26571
2518
5829
18639
19063
1666
23201
45104
9241
4978
25276
16657
29399
23012
3669
43987
38475
30919
16529
37559
19808
6675
16014
19055
30188
10485
45080
47612
20353
14025
44247
47674
16873
37803
19765
6983
15887
43154
3229
14557
44654
20798
46931
31753
39051
47498
48411
2769
34049
45924
41692
31286
25241
7176
32678
32481
19017
15316
4873
12996
36568
14571
4036
40707
25883
49348
38422
43808
27165
6941
41016
37417
19784
20895
47089
47531
40760
47814
29497
7360
36109
30623
49021
21886
25255
43396
39891
1960
20831
1512
35712
11453
44192
8616
7835
43439
11122
39134
31394
10198
29096
6827
41116
15198
25592
39494
25044
26967
10215
36546
37761
38122
37333
429
41268
11933
2242
25290
4723
11335
48353
27235
39218
5622
6577
23054
41222
43621
4699
15524
36437
24899
28846
13003
46292
22574
40602
1089
2677
42285
14738
62
6146
26078
33148
48530
30273
45261
29134
47751
41600
1541
32080
23499
41768
38793
14189
47327
16030
33650
47123
22934
27464
31736
24183
8777
16627
28252
22404
35107
8072
5538
36785
41418
46268
16721
48078
23653
46870
895
28075
26933
1243
27508
47077
24986
9214
45699
33260
774
22051
21702
18565
41789
23208
4607
39528
39774
41712
22363
50
25228
11547
18487
25034
42602
23745
13235
45437
5442
41562
13453
8699
23450
1091
21085
19699
49905
17553
21884
27301
37113
30336
31257
28986
26593
24506
31046
33277
42898
34153
14960
31204
8967
43708
15036
15456
45713
1188
23344
18455
25680
27719
14138
14324
37052
2767
21166
10452
1346
4758
28894
34193
28002
46614
14462
5457
19627
37492
43704
48136
44593
17499
33410
12233
14125
31657
17625
34846
8680
31641
44188
11285
25
25610
26133
48643
821
2708
6385
34365
26092
3701
7069
18198
7166
10655
32546
42233
22539
10833
21894
42777
34999
10612
46656
49376
40972
39335
2107
20623
41281
38071
17933
45244
18962
32996
13111
36525
40715
25413
45903
28826
12506
1291
14703
2785
33605
24156
18382
6642
2341
25593
25674
45905
1499
49656
14740
47345
40330
33692
4302
35092
37022
41555
27977
9381
46153
4662
11415
29859
32781
48458
39373
35894
15723
20854
21390
1933
29847
8357
11539
16701
37520
41195
2205
30541
47420
34838
29941
8377
19494
11617
42405
24008
14333
45210
326
42012
33097
1756
30015
48126
43055
4220
44255
19369
46661
31155
44707
48495
21246
10796
13267
6425
7383
12543
37202
29274
13661
21642
11290
23076
37741
21926
5706
12099
32570
14226
30422
8371
39543
19986
22414
42124
36595
37685
38930
1337
42293
3721
16278
49564
13228
13143
39297
23857
38332
42895
45219
3448
1064
46129
21411
37
38918
12729
5898
19338
38592
26969
19259
39271
18147
12476
28471
29229
47658
39713
47060
29579
6881
41396
43108
18742
11750
3834
848
43098
27712
14448
35711
48874
30337
715
35491
45289
18644
10301
35127
6492
21200
22647
41137
8732
40240
29415
27694
31697
15502
2738
33001
48340
44914
40558
45344
20301
49586
25849
17968
34054
10051
23477
19253
4097
37341
41051
23169
748
42935
23996
19521
12629
6974
16341
30917
39244
19209
21279
34923
38638
2759
28376
37336
16628
49131
47890
41997
29714
34804
16685
10628
19361
37555
28157
36674
14340
46666
44009
42296
21490
13126
322
34260
36128
48492
1141
43479
48672
43372
10019
45356
26961
42664
21871
20400
6030
9599
20486
1371
14344
26120
5403
28845
42604
34380
48564
17451
44907
876
6628
26907
15951
47522
13442
24818
15517
30352
43167
16327
28121
9276
49848
27885
9624
24167
33109
27211
8115
42828
23239
4969
27594
29539
9770
29991
36792
30197
9107
21666
6487
47520
8161
28320
3336
24396
19588
24399
15584
22174
23501
16390
49903
46230
46947
37117
32903
3125
22157
9233
43973
15740
13019
42173
45252
14519
19140
6008
12684
49106
19022
45635
5896
42586
41651
27204
17098
45428
49606
23698
12186
2806
19279
29190
47859
18597
922
6130
46470
8654
49585
5106
47516
26337
47482
16919
16137
15055
32125
13271
23291
33637
26873
11377
26019
17746
42896
35094
7217
33135
1321
23393
42325
36288
20698
37178
49332
12721
39915
30206
15333
17123
7985
4074
40882
29401
31701
32906
44935
40892
29834
21454
24653
406
4503
7592
33445
43182
46316
1315
14784
10007
29099
29952
46359
2504
34412
48436
31760
38017
43544
28331
12586
35691
26079
42790
38338
29700
42001
33077
28680
46061
18006
25974
11344
30799
8992
8901
8104
15257
41162
9059
6861
46495
7618
11174
11558
30085
11863
17635
31861
33666
30424
41780
7082
48476
12111
44951
49350
22828
14651
9231
26945
29898
28333
46393
45834
47106
44494
6020
2510
20849
25556
43036
9371
30571
46521
13589
34677
45993
20008
19433
10436
32031
19691
38738
7204
48590
36975
152
5517
49806
26752
12727
47247
334
1426
23617
5705
31215
29142
3572
4883
3480
47654
48183
6575
47202
1401
22030
33924
21311
20077
45292
23936
6879
11961
17752
4277
41002
48425
5139
36645
19722
47146
27830
7479
47186
36790
3276
17665
14691
7823
21308
13499
974
21124
45633
39041
27560
15041
40820
10545
1600
37315
44458
15371
19911
38342
49529
18269
7959
47655
15939
831
36892
11784
43620
21773
12152
43835
822
19791
4629
11062
19515
8060
46429
15907
3611
16830
47369
10016
23684
14314
45491
44752
42799
422
37275
32301
40022
19263
40339
40162
2009
36945
28576
42422
43299
45999
18396
21250
31310
31626
17910
2823
44616
5033
13673
9995
30396
13650
8426
38387
16193
49001
30932
43613
31294
40475
2705
46139
14628
31661
44683
30606
44842
31338
5455
16553
46317
16653
1763
26342
24197
42205
1827
25149
34282
42188
33960
31925
9978
1690
4665
42163
25536
25022
8655
20762
46059
7750
13471
24530
17829
41659
5921
9523
5481
28247
8716
35389
37762
11816
25235
28236
48471
43412
33523
9135
29404
43389
30666
18693
42113
32046
44227
48142
11966
3057
28930
24759
20058
23301
30624
32584
42585
3969
18037
3745
25734
43571
16217
10182
14295
25191
5212
42494
815
15722
45380
45886
39921
22177
14556
26962
43953
47343
4409
40263
8395
17699
41501
38324
47241
43817
4630
47115
5571
9739
29054
48204
30929
29317
25231
17412
34921
6031
3370
24543
32377
31111
37143
22751
46178
27534
34424
6050
2309
24357
19178
43133
14667
10798
45214
47689
46591
43425
17381
49280
38920
296
2431
28793
38438
2453
42705
2535
35577
25146
3903
20974
34668
10927
15827
27259
34406
28290
11473
711
2654
49531
44562
14531
10559
15840
13900
46634
42948
18680
42116
46272
49813
30055
23747
10079
36156
16680
14836
45384
45581
44575
18469
39673
44848
14387
24514
2762
9675
27100
15783
13572
24979
3495
38948
30509
12711
31563
17762
1503
18224
25481
28081
45802
2430
27795
8866
49107
11146
14327
15117
1170
18043
20607
42711
49037
23933
31482
2133
35450
24662
43514
46040
34221
45305
650
19116
47460
47463
32355
15982
48503
49036
35749
19819
44473
27343
8270
1047
4534
22071
18551
14495
20555
30630
7859
28053
12497
14475
14339
27013
44887
8369
27586
17234
10960
15891
47744
3420
39394
32483
38139
18555
25246
32720
49547
24570
11976
48554
45054
13614
11691
20897
17980
21036
9331
23997
18652
37297
21512
11000
5105
28020
15804
48923
18665
23017
1022
16241
7373
12554
25118
31976
23223
43386
36375
44931
47020
13641
49354
45777
49637
35304
49582
48198
4914
12612
12563
5439
2049
18842
28321
9685
44401
29292
39001
16637
46849
48157
8264
49217
30723
7567
22438
20954
37421
5170
32507
22113
12972
5658
2937
49799
11412
47803
8008
28170
10599
43560
46319
46714
7704
27697
26014
32288
19492
40137
41260
11839
15540
11147
46450
46043
36203
9457
24717
30431
497
7076
47015
35913
10811
23931
15971
8750
655
34750
19708
6896
24433
47292
3891
13576
17443
26278
37392
32733
42535
15826
37715
41050
24255
20770
23519
42073
37207
9620
37194
9602
26041
48037
48811
1500
25503
10001
13746
3311
12244
27945
45342
49932
35276
6909
21229
5394
9286
11207
30453
2479
32856
33528
34073
40794
47618
6773
4138
25300
23658
3075
29599
10111
8029
32803
11380
3064
262
42072
47409
3909
6760
29294
25787
12998
7984
2735
33261
20053
1093
25748
45855
37694
40055
18673
41161
16048
36447
42110
22037
14026
47690
11014
21237
2570
735
46236
14193
49876
5350
46091
18990
35247
47503
6597
10067
38436
6721
8346
47907
32214
32934
42390
3218
42458
4456
7535
40953
44832
8856
37477
48423
6917
39434
9853
48559
31895
20030
14625
23999
48323
45881
28663
14219
2481
9545
25298
32687
46480
4574
27105
17070
26780
39906
37343
24603
29648
26073
10355
4295
22018
46258
1060
3278
15296
11667
2699
22409
3938
22930
37248
3954
17868
39970
21021
43103
8579
27790
24380
9372
43692
29097
8605
10806
39682
33306
43384
21115
14944
8539
40782
17717
4690
23048
58
11085
36989
9370
20047
4553
30549
29110
8836
21913
9753
42791
13876
3344
25265
8797
3900
25080
5401
24259
15368
23695
39771
7577
32928
29864
29299
13212
28781
43270
20381
2156
4268
11082
14020
34530
43530
23382
833
10132
35018
21630
7051
4250
8832
7937
17515
44130
36591
48650
40115
37385
44159
39847
11777
2326
33769
26450
45974
15166
29303
4095
42893
12660
4210
28906
5642
41316
28706
46544
21583
2701
6790
33607
6
27196
25328
990
49089
32553
14588
46673
6062
6626
18928
19479
30662
38815
38517
3190
15082
23497
42892
33710
22279
13129
39814
15745
34441
18758
46599
36878
365
19133
34498
46301
45297
41969
11794
48995
38354
6650
13762
34897
17016
6105
29205
48625
43129
10502
5597
45863
35108
22459
33818
38830
18916
44043
11228
18094
49427
28114
25966
47061
29689
29795
10943
34057
30944
14705
48985
30518
1837
45477
12539
28891
11831
25948
2953
275
34339
38326
36273
30534
8763
46535
39895
38518
30959
3383
22066
6482
22864
6069
25732
25216
5749
1883
40670
25152
22267
5943
23045
13389
27480
3431
45410
43064
5940
701
18010
28718
45283
31514
26749
8760
45116
7456
11038
7469
7019
25830
8242
20735
48588
44588
28399
48431
24640
33402
9926
31380
9260
44519
18797
3538
6731
44608
35069
22525
43380
17814
24472
18171
23397
49674
29285
34665
18917
4496
24334
1333
48788
8206
31728
12619
20071
24382
49678
45747
46325
7447
34521
20890
47170
29946
41105
30888
22648
30647
21284
42810
5032
22334
31535
17464
1228
7406
16690
20737
3796
44595
9102
13185
8152
39154
8569
31679
25983
14844
19398
11089
45135
26577
20725
28280
14458
21848
49762
16703
46882
39566
15599
45493
21651
37409
28870
16864
6544
37932
19382
4039
23086
23014
33539
28829
44801
29814
4415
11403
43218
45851
29019
31384
10639
14168
30022
35060
13329
45642
34764
37110
41167
44326
42227
23363
38273
21581
39266
10033
5450
2362
4656
9202
12502
47470
21857
45783
16237
10281
14819
37848
8451
8895
22722
19762
39577
32991
16056
43589
42866
36216
33215
36186
8893
1685
40872
24993
19495
20534
21633
12531
704
25363
24989
344
37420
3688
5637
47177
14607
1180
25226
40788
6406
34326
5609
45446
44556
42353
12933
10708
4829
32090
23087
33549
48550
16704
12569
15552
13256
45331
18682
23331
8155
48635
36748
31069
44579
18367
8156
17924
41247
39856
15344
31512
41098
12220
45875
11983
13302
36079
41484
48587
49853
49358
10845
31898
30298
19199
13702
8473
637
36812
3210
40613
17030
25367
26443
24108
23850
36398
1171
34992
17320
858
1247
22632
26049
9938
21873
30413
35138
25490
15613
27797
10496
10999
8409
13472
38721
31794
28858
39448
47786
30690
23560
45124
49984
48526
39090
45279
20616
35871
29085
23952
37619
33636
2938
45123
48799
44936
11057
35757
35438
2194
47353
33114
9660
24241
41547
13026
17175
2832
44939
10527
18335
39975
39640
17659
5504
3603
4649
46731
6682
22015
35679
49481
16892
45228
37108
32863
7040
41090
20961
45675
18265
41139
38883
39468
9197
30391
26939
22380
9551
21027
3692
43221
49684
34395
42577
11650
28907
2585
34755
40226
29092
37942
5407
37150
16213
3292
28191
35945
27701
34667
29731
32435
36918
38111
28452
7705
41429
10330
1621
5474
46859
24273
38331
43269
38154
6207
2377
17613
33850
17073
44098
4008
15888
40853
11504
49940
43804
32097
40486
41685
28245
23707
13261
16441
43958
9035
12724
42800
15306
12747
7073
17429
30223
36946
36684
38092
45844
18987
10426
1904
45224
2466
34490
5294
27778
13141
39561
21576
3199
9134
31194
22406
18897
23151
26357
3015
16101
27615
21177
49387
42557
44693
10841
8687
20573
46117
37344
19349
46177
29180
28969
39680
40751
39936
30669
27845
2175
48475
16520
44304
23788
13510
30075
45470
45847
21796
18588
39438
49175
31581
26217
44866
41154
25124
2911
44414
35537
49976
44457
19595
44078
30060
9744
20348
7995
38503
49771
49751
22736
15156
47881
48856
7190
32791
25751
41055
8846
21383
35575
32912
10893
49825
46249
23260
17410
43809
42349
40990
21811
11479
8437
14709
35141
28790
41479
2931
30279
18256
15894
6820
46420
42785
496
40980
29457
31504
37096
36739
4375
40036
43735
22097
19094
47538
22479
30530
16941
3533
27049
49014
9068
30462
21715
32597
2605
6890
45398
49049
33488
31117
12160
9636
26110
24280
38737
43004
8433
19714
17590
46417
37371
17907
31001
19914
43599
14783
2822
28581
22657
22398
1062
37335
6555
1495
24856
20083
35816
16645
32126
8765
38340
7815
45094
47011
34704
32747
44005
33222
7273
27808
27367
17146
2878
39387
10103
45629
37037
10650
45866
42317
49661
8223
45707
43434
27139
30343
24642
41241
5399
16922
13590
25317
48579
38307
24442
18452
12815
36363
26871
45444
37769
36350
15322
45784
37689
9658
21720
35025
36270
44048
35545
12286
14256
16539
24493
5443
28511
46965
45016
39509
32394
10964
19497
26257
27382
46287
44135
7755
21973
4547
16693
33152
14012
7086
23620
13429
44175
46075
9763
45803
24286
30135
25540
39826
45705
19729
39736
48258
17947
33825
12636
24047
21909
34951
13246
44350
22076
47778
7413
49212
40995
41848
43748
3165
43418
13257
10718
23243
5291
35831
12825
11026
38009
19900
44986
48098
48572
10577
41443
5930
43556
37188
23554
36760
46336
6366
35710
36957
27311
9913
45458
46951
5611
16040
34662
18389
1580
1913
6616
16300
44536
11882
2258
45266
6625
15674
10068
12956
24814
7753
26260
40911
45090
48207
12381
44063
1423
4441
19631
2756
32927
19288
30484
48765
614
36213
11371
42768
25278
48694
14526
2311
41136
47734
36162
25244
9801
43031
493
19824
32313
49475
13241
8740
45568
3080
22108
41777
21401
5975
43427
39229
28317
23739
47703
43672
7083
32797
44542
44141
45237
22346
44385
46772
44660
25915
47261
32931
22258
6687
30254
41790
28531
33230
13494
41034
41577
5086
5393
16787
7091
16295
17835
18978
2670
44094
12143
48574
37888
30258
35440
27179
40615
20551
29726
27247
45275
15243
4917
19500
23358
17534
12182
29763
48886
8768
1051
18078
4376
37549
3333
46054
39939
44810
44700
40251
13651
28463
26115
26564
37822
38604
17366
10008
20877
20234
31192
10609
30198
9711
37486
17074
37219
42278
19355
20600
44248
45475
21981
2491
13535
20882
38327
24191
27266
48302
49629
10995
42082
22598
32205
41237
30775
35199
8430
27381
35140
24668
889
5146
48138
48751
4773
8122
46578
26493
49959
34456
1366
19058
20644
30631
16881
13031
33913
36411
13342
29746
12066
12523
14008
48120
38874
12570
14937
29086
30069
38904
39129
41152
40721
8120
2836
7822
46392
47635
4643
3401
28621
36486
31589
31121
14698
1220
16464
46499
38336
26153
17885
19846
3641
33773
47406
35300
48127
22570
42219
19624
37187
14913
16122
36449
34935
11007
24971
38849
47834
5290
44551
48434
31801
48939
74
44253
44999
42748
47336
35856
4514
39794
39215
2841
20143
34670
7144
43094
37232
26140
18593
28729
3163
5780
40943
19250
3320
13177
42469
19533
49158
9663
34388
45910
2449
41439
42209
48908
29461
2487
42298
47926
26602
18531
13319
307
42139
38206
25981
45512
19220
24816
29360
15985
46195
14072
24579
15583
21421
26385
14585
13364
22095
41925
28594
22796
34358
45125
13151
31474
31742
3653
32950
36835
22100
35059
14938
22633
39307
19869
43581
24169
42183
14891
8965
20547
16471
41669
23080
4684
45845
536
13337
8791
3247
43756
40906
28237
22644
45604
43894
2247
22861
14131
39894
6945
1148
19189
19420
20332
1037
13981
45941
34684
24110
31636
9418
27471
28431
16765
15024
34617
36317
34494
8761
10740
11139
4176
29684
27548
31866
41462
28271
18413
49498
48685
13118
37005
37147
46191
49938
26809
48115
40234
468
17536
4042
3032
18336
34769
26678
26212
48200
10047
7673
16894
19822
43550
41529
37926
37726
49706
12600
39730
23354
35181
21694
38565
30355
18930
14624
13865
44288
37217
23065
25286
41317
24540
4520
34016
8704
40537
1132
46848
10716
12943
14746
34709
20618
15753
27603
49353
42759
7286
34080
5738
8219
35020
49972
40824
28821
46884
47722
46244
44527
18494
9357
5090
7331
3404
6404
42968
1282
15535
35057
46629
44464
34401
45571
27627
32690
21969
47857
9722
29266
39968
23995
19508
41414
6798
11477
4843
19877
31099
12103
42523
45649
234
45738
12848
21408
42820
40191
16525
5059
13377
9288
41835
64
8766
43889
21045
3477
33026
19690
44622
14035
46035
49913
48767
23484
6580
40942
20617
23449
12702
31693
12794
11631
2303
184
2609
36309
2459
14610
14990
23584
22163
19050
45400
42098
17427
21622
47162
21917
1531
45186
43401
39588
21828
38088
9481
7260
40664
9832
6934
27329
48342
47742
4615
10170
13797
34060
35052
14920
10860
44964
28933
8215
6688
5175
4763
33164
21503
37907
11398
44337
24492
39553
37181
16264
46652
29452
25208
31342
41067
44713
39547
7537
17742
35978
3224
12834
20022
36762
16779
6133
16408
20811
22190
30450
7696
36423
47760
15691
36798
43512
29598
4009
28167
18831
48137
11405
48360
13814
7906
46086
43312
44854
38448
38466
22775
6048
36744
30819
13101
4806
45131
27095
29431
42159
30046
38612
49029
6629
9971
23462
5664
40083
44391
35958
436
30360
17497
2151
29571
24804
1980
18771
47595
47524
42837
32587
28341
28032
5266
21436
8819
28828
14440
15400
8987
22855
48214
5049
34119
41389
32366
48242
7677
14457
30237
45543
34110
26636
42462
42106
5196
6512
19999
25083
37522
46073
3515
26191
49337
18230
27372
25529
42048
4338
37639
20927
3214
19003
5293
16080
43035
11271
24055
40509
4782
49834
23907
40427
24623
35589
30072
28370
14206
33303
20170
16809
29595
31618
31691
35118
45615
14997
7570
37429
43525
49313
27558
37212
22735
2316
828
19684
16571
34002
23340
31053
44889
23116
45943
24426
37329
28475
47192
20780
26957
5119
44235
49068
12879
14371
4253
46011
39539
24825
38991
7917
37949
1079
13208
16393
49200
12821
41624
39769
29615
17939
34969
18909
3355
42732
43070
11352
48248
44796
7974
24628
20885
39846
131
32881
21409
42282
2813
654
25756
48195
44131
22746
9269
3852
21966
38570
21098
32618
38572
40449
10354
37034
13734
23348
17517
33308
13528
6285
2385
47271
19720
33991
29079
25153
32495
16462
11861
2200
18618
32305
32348
22989
31316
46548
15610
7711
39236
11332
6407
30788
40568
6138
20962
24411
24939
49032
44474
43992
18145
10826
8719
28681
3697
25397
4059
7238
9166
39510
10456
19517
27460
28872
42442
22322
31943
24494
29523
30202
6389
34109
8794
3993
3696
10202
4320
17874
28348
42612
29421
918
17836
24614
2427
39930
9772
23130
19143
19108
33011
22104
9400
40830
32492
10393
31165
35654
7843
47825
24507
20577
20852
32634
25630
4124
2135
2093
40809
2952
17002
46757
8922
3904
16939
24124
2297
32103
33373
32762
34034
47593
37568
19004
40781
14133
7101
42728
16026
47130
21599
45225
31263
41249
39833
35674
40225
3104
38102
32410
1810
48689
36397
29665
45838
45064
38736
36383
17975
31865
8080
32529
29747
13640
5851
2546
47097
48845
9053
40029
20065
33179
30639
45253
49540
49319
40145
12675
1491
22862
4388
9724
46068
33569
45408
29644
6543
47887
47526
5019
6750
32310
34166
9803
14572
37234
27804
42031
38964
25736
22950
20740
14946
2730
28540
33417
41614
4
7873
32277
31386
3943
19409
34938
25587
11819
45498
36155
7666
44655
19307
21128
1361
47091
5108
18319
26012
22830
45309
30993
29618
16331
45985
17141
23573
10874
14781
8202
23855
26588
25456
41402
41881
24085
598
448
28034
48399
43922
10996
24115
48774
49165
36296
20009
49432
46937
48117
20034
30387
48292
33073
7685
29384
6719
7308
4833
47607
48947
7449
26268
42360
19861
24691
20526
12068
45973
41094
47759
21228
3677
30104
37356
44778
26838
17691
36276
18634
29947
16839
36599
22196
36793
32653
12926
5332
1707
22150
17354
24708
38341
2477
9426
3134
3601
17422
38962
44396
35120
38878
7656
30103
13406
24025
48970
48892
11472
29403
30825
46242
49274
23567
28749
48022
15060
43691
1088
19171
29681
9845
30945
7742
7699
30245
14963
19243
13014
28413
29093
34266
38278
36140
39400
48101
27599
25943
11391
10268
7882
49125
46533
47779
41371
9261
2888
44658
21111
26794
22554
30372
23503
9004
35458
49880
20693
40642
37953
33420
32276
15377
43000
9840
5508
7821
47539
47707
41007
5241
19187
5437
26784
2988
1848
38799
18427
16777
44298
14650
430
38603
34836
3602
13861
45544
10
10781
43326
37696
26738
32460
46030
32003
43986
31570
14293
16641
24918
31289
44119
19949
9198
12480
37770
2586
24363
24158
5131
48628
49351
1108
45337
8316
10319
37617
42567
15294
46069
20691
45666
44620
3254
18553
3498
21647
23465
10073
17732
8845
8292
28194
5577
31183
18313
8979
29979
25872
22845
29329
15937
20497
23639
8062
19885
46078
5596
2014
35934
20079
32509
47380
22877
43823
43491
42249
10259
9362
44929
1181
35263
30109
48441
29906
34982
33701
14036
9473
45583
38748
16272
32202
28750
20286
1176
21189
13533
47118
8759
18133
37984
42083
47064
7967
15200
47771
40291
3055
31827
37132
13073
578
27926
47585
16018
29751
2292
17114
23424
18308
13964
14323
32952
45101
12377
43999
18175
28082
11229
24317
31906
32341
13197
8638
49441
13363
17083
20203
878
12157
42344
41611
22595
19909
18815
21558
31281
42550
23961
10603
24313
20484
7510
6150
43377
27524
5792
26406
6908
13434
15995
47416
13544
12811
49658
41227
10686
35012
9952
3743
14187
11707
26711
5743
34516
3695
28139
22389
22524
41558
37672
37296
20226
19284
41962
6202
18479
24569
25380
36746
6189
42621
14194
15127
27275
35308
16935
25685
9061
40294
34729
976
37279
34757
11944
42795
18858
1327
16807
6567
34587
42256
8265
2364
37716
40962
7903
22324
25666
703
18813
44880
34293
27859
21113
6877
22778
20857
42446
28794
44745
46413
19645
7596
42737
20938
41546
34642
28516
26882
144
22359
9444
33570
39789
20094
27192
10515
15694
26723
5009
19946
34409
24829
14140
229
26552
37681
27378
19985
4871
10755
28297
29272
47157
2970
6037
46959
3113
20703
404
36824
20460
11970
45795
10700
36255
28971
30218
38994
5661
38356
20869
33393
29223
25987
29002
9434
22341
28371
47477
14973
48027
6614
12698
7320
31899
16959
16665
5692
15126
5616
2865
28186
36144
5852
245
36481
16065
40502
15274
2137
42398
15569
39853
40292
43056
21805
49967
13158
9901
35879
33846
41523
12967
27053
27786
44199
39333
30794
9837
39600
23881
44900
15268
22900
18229
47559
31584
44855
45532
18086
26528
34038
47564
46953
9071
1634
40835
25081
35200
2736
13356
16212
44802
36677
29627
28147
3273
48346
22238
30708
32519
45600
3720
13932
39162
30132
8530
25517
47362
38983
39462
49206
21737
22886
22840
6381
22350
21971
28098
7160
44858
24922
46956
15533
38411
21953
28938
28889
21540
6287
28203
45078
25109
30689
3658
18882
10472
2064
45967
300
47542
47681
24421
46660
33794
45671
42813
21251
24868
22388
37830
10938
47259
15813
47794
39179
28595
40913
34291
21723
29288
25904
6363
2044
9163
42426
28714
17225
40161
48018
21084
34173
11498
26876
32474
22675
24796
18414
1443
43226
26548
17197
17219
24885
24075
28133
3318
15651
33696
45450
16845
14713
26576
49886
11153
28354
20005
36167
44471
47307
7795
15238
33764
17468
31850
22253
32780
14655
43552
5177
1486
13244
35516
31818
32220
40866
16928
28269
21959
40166
10695
32890
39405
25467
45977
782
4126
28671
15849
11536
38161
26973
16567
48245
45759
16274
22377
27840
43141
47158
12190
576
12341
37495
20668
12205
15409
18617
29745
22056
45172
26349
26088
17675
46750
39816
38590
5965
11078
46597
34381
33690
23413
21673
29572
19419
41690
41235
19880
27084
16998
28584
24753
19763
42696
23854
42613
26141
49082
30285
30978
42224
19952
43250
37669
10862
48693
43984
17318
40068
20051
38848
48339
35111
27827
37841
9821
49362
46212
33129
40444
1151
44145
3156
25434
26103
30718
35678
47173
20014
39366
46391
49391
14476
33458
27526
26846
39330
47483
17902
48913
36332
46880
35380
20382
47294
49437
24964
1895
14164
22158
32545
42961
6365
3931
31344
11917
29559
24270
36783
24448
20447
7206
30220
7529
38481
539
48865
40065
5416
3217
10009
17817
31142
35470
12567
21359
27872
16706
4704
5110
49436
22865
20292
38001
44744
11020
25747
20275
30053
18922
30364
17809
40692
45552
49123
11454
47885
32252
14154
44156
10930
16175
45012
6940
32697
689
5237
29932
48670
29121
49648
4659
8112
2547
31095
31320
10915
7050
46504
29031
43564
47523
32655
16087
40194
48499
47978
26847
47439
16756
5245
8730
11587
16640
15277
13907
19944
43492
4529
21433
5614
31360
43947
48468
14111
2488
24631
12927
11719
9466
31810
2321
2245
31049
34597
23856
20803
11433
10175
37355
1710
8485
6307
44970
11382
1394
37028
40366
44879
32498
30740
6073
8724
19200
23692
49841
25547
943
6987
13696
23581
9117
15023
7717
44797
49665
20363
32290
20216
27770
18800
21319
27956
2201
47912
22048
11697
292
21257
35950
29616
14932
36445
11490
36123
3259
40463
44217
357
48477
3375
43049
320
36795
16625
14338
17813
1082
24517
42347
19412
40997
4860
26323
49462
486
45076
42096
15501
44722
38928
13553
21710
38478
18448
24958
32026
3036
3179
1383
49721
11218
4850
2124
29888
36844
9642
20490
26808
12176
287
33910
36183
17490
26353
46598
7695
38511
13081
28648
32646
21499
38406
42342
26609
40134
35703
19732
41035
45338
14600
23369
45776
40884
11654
38224
29289
324
4208
49241
44245
8653
23409
11525
48370
632
24094
17041
44363
28248
10582
14853
16384
7547
29554
5850
22261
41490
6343
36553
3866
8005
5613
47873
20646
10622
2503
11284
45296
449
39142
1149
32888
37865
6145
15938
31522
4971
17184
42565
15877
21116
36547
3920
49027
34826
24981
47056
15497
16656
29163
20580
28593
32119
46518
25820
12753
6569
2941
42251
5280
16206
21188
26712
28768
6154
18183
16352
24806
23112
37458
1674
46885
47951
17257
17920
24339
32210
13443
38726
27091
22561
17669
21343
29484
32997
47766
26386
46376
27625
9284
35016
4357
20637
2957
9404
28149
19503
37688
24177
15260
34051
48004
615
15211
20614
34911
4413
32744
31399
44705
22867
26015
13112
45893
27959
17713
29237
7741
180
17684
26659
12654
49670
14103
38701
23590
6141
47195
5575
44558
41095
33597
27668
4416
25693
29862
47536
11687
42129
33496
21488
47425
41299
1909
47472
26880
25641
39841
41660
36759
39972
34046
33399
39180
40523
12892
13525
23375
49090
46110
47793
47223
49779
18390
45474
26719
49850
48494
42912
19779
38933
12832
686
14856
4538
8472
25851
28128
20910
40507
42507
32083
38228
46999
25743
25210
32021
9499
25963
3360
39039
16906
23003
21065
39533
3536
45102
18159
16095
5638
5861
7340
36373
6178
38065
45557
28220
1101
6135
44406
10164
18752
43307
33542
13467
31261
49411
45856
1969
34518
41380
36847
20977
40518
43273
3037
46112
43516
44640
9879
13262
32255
22829
42236
18736
43890
16350
17160
18241
46733
19437
43382
2238
14644
3682
11119
17804
15467
16461
44943
28668
1989
43866
47051
8847
13350
41282
48446
46616
24198
28902
7063
19671
38286
8467
15152
15557
30802
5983
8961
14643
41672
25921
2291
38890
46311
24992
24503
1872
48182
34263
47877
13064
45451
32900
44317
9878
26586
43743
6441
18104
40132
33756
14106
1522
7438
38824
31094
14988
15203
6205
14161
15842
7798
29
2397
36512
16574
27897
39141
36955
22935
19466
4040
30786
37461
38841
5956
44149
43607
2095
5179
18014
8037
31600
21533
42760
7396
18060
21742
38066
9391
25923
17922
29498
43397
23282
45588
13877
18881
23311
11782
47676
17336
30998
20657
27716
31352
13714
49482
28990
36118
44572
18766
41623
35953
8909
49119
47807
34308
17899
5057
6550
39480
31366
34314
38854
12602
928
26531
18397
11828
39589
47902
22541
3534
16652
38760
3189
9207
15423
28580
48975
39839
25755
49247
30569
39164
27118
6864
17228
2075
15897
3809
17505
14121
38836
49669
33200
45134
22050
19297
14609
16995
10235
19020
18805
17134
39714
24724
2692
2636
32201
3290
12257
9702
40204
41155
16301
2460
39934
49937
6436
11079
44599
22532
49759
18853
11368
37040
43013
10558
4423
6390
18244
10010
45730
38868
10293
20765
7603
2975
28492
48616
16760
41020
31234
35974
46783
45006
21422
37772
18506
18974
5707
34691
21603
7195
19470
21744
40547
19980
18475
6589
6541
10413
31739
12653
10587
11822
20960
44563
49023
12463
22241
10253
48217
46196
46720
36861
46282
10421
28551
49122
12722
47899
11755
46555
39380
37901
36895
39565
12291
16412
31916
5550
40407
10583
15711
34079
27887
45828
38321
44526
47511
28108
5672
8773
31024
45284
30916
45369
17423
19731
2250
26889
12663
12526
47474
47411
31705
21658
5782
11851
15178
37024
8457
33229
21987
17871
23266
43111
46123
6134
42546
10817
23510
20564
28043
44177
1367
33879
37667
34001
49587
8034
18502
6457
29870
45573
39559
34627
47026
35255
28432
41481
3551
21978
19060
17344
1613
15450
19193
47705
49673
18318
4436
19601
4745
29491
15967
14742
19664
36797
45044
17909
13213
8087
36916
17927
28501
26845
11168
22184
2405
27103
7343
3711
32012
25673
2446
25875
48612
47968
47844
32601
31562
26026
11685
27724
14758
6021
8672
16448
19137
31696
41173
8119
9487
24246
796
31290
16054
20195
509
14034
3294
669
38514
31445
48406
47819
17444
9741
35857
36501
19988
23011
11811
16410
5764
27220
49696
11185
33982
29711
25781
30110
21665
4182
35544
3839
5953
2215
17579
42093
48312
10489
4063
15962
13594
23082
13025
47955
14947
12324
4808
20321
41066
31987
5243
46171
39723
33018
47291
11059
35778
2509
30930
31126
15034
39088
3791
26482
21201
20268
48112
41867
43090
47014
47534
20048
6570
34779
22301
42863
16453
38513
49197
23044
19643
14075
34641
34359
1457
10432
49208
45085
18730
44472
24462
595
41378
26194
16828
17289
43669
47501
36724
10038
10619
48376
14993
28602
19831
12189
12735
44336
46468
39978
10758
12959
43634
12265
22502
16093
36942
27062
46377
20680
17265
33096
11393
32582
2127
26052
32680
8787
46926
1540
49205
19764
20401
42042
31703
24138
36289
29248
39878
8413
35033
12262
44137
34256
37323
9604
12200
46648
33594
15992
5573
1722
35206
3644
31952
48940
47365
38786
30404
21006
47729
3340
29782
22748
29146
3321
17287
32225
16877
49675
41448
18470
32809
28006
39444
12555
18491
901
25644
41360
5941
7486
22053
40479
7249
49110
41118
10300
3643
20158
49958
103
40655
13359
39652
13566
49141
46649
28344
20751
45058
42087
9747
33204
19663
16613
41339
21836
14398
29132
14883
14834
32231
4605
32213
19350
27332
20225
6964
43053
16151
43153
4979
47140
1854
45178
29328
23203
39095
9684
42376
48372
30251
37002
7183
24012
47964
3767
43332
29931
33359
42803
1650
45785
11197
11006
20511
20629
3497
44076
6717
12386
18851
43653
41
1978
22667
40527
7581
15617
47829
47144
32765
34794
8279
42160
374
35222
45357
48160
47166
47168
11738
35949
2540
6496
36175
22114
34261
37201
37359
28014
1804
6579
9573
28458
27129
26881
964
28109
18700
12156
9141
12318
13180
1578
37252
26516
40589
17124
12340
36291
47190
48188
13721
45704
41649
24909
29495
39623
31659
1506
13941
6759
12716
34037
4179
12261
34417
38068
28952
35979
48727
9144
9023
47426
7244
32631
8811
47450
3686
42036
46425
13386
40819
39733
49161
44530
33452
14904
49303
7611
8707
8436
36367
40305
5533
4461
49003
46940
24684
14982
6784
30036
24005
8597
31857
13125
18949
4000
31928
20982
42386
6045
14874
7288
25524
6462
7727
11834
23453
44703
46209
9942
7799
10848
1246
11114
17014
41169
48296
37919
13276
25646
17711
17372
5023
46826
20000
22551
9568
17915
33038
45639
39442
23795
41942
28798
46048
25051
14474
7106
17966
4464
13030
38485
10709
47938
18048
19855
21187
22497
36341
46929
13540
16184
8056
1332
5109
27362
8737
26126
15709
25355
33581
16179
14461
14069
37835
32663
45880
36869
23098
37237
47052
38958
5665
40951
14827
45121
41112
5189
14248
48088
26322
25203
15071
13610
7490
7391
18372
19371
23564
11018
15081
47396
46899
42943
9189
27040
13417
26978
15084
8671
19564
7639
14427
7335
16872
8478
32359
48280
25993
30583
23037
41893
48762
36414
33392
12132
23476
44305
13591
34567
42967
27907
32101
25806
8889
36287
46993
30456
43963
36491
40301
2664
8944
42419
359
27407
8589
39150
40996
3706
29030
11803
1441
38740
5654
36846
49968
882
30093
32893
8623
4006
9810
37316
34672
37682
5168
43632
30577
2227
49725
28529
3646
38073
2621
27525
13478
18961
34508
43264
8446
22874
5335
41527
44769
15844
16394
17981
29589
29211
18527
44359
11583
42720
11357
8052
31935
18697
20699
22707
24681
986
6223
12372
18528
20126
11034
3013
919
27738
38078
27583
30356
32019
5647
25301
21520
3196
11727
40066
4485
33329
41905
27514
16727
13149
48667
46106
10505
11818
28028
42086
13511
170
12778
41620
49763
20209
26282
11942
45316
11441
40608
37468
16270
3719
17785
16781
11959
47856
2594
4184
35854
27229
29863
10644
27269
14855
32299
26192
33072
8057
47679
2153
38789
47891
36125
6349
39167
3801
5054
28925
42973
15494
8070
12877
14275
42202
39470
47780
7559
36745
4626
44714
3291
42924
49855
25030
18981
2112
30792
25411
44531
28899
11143
22792
14640
33649
25374
32079
26971
37917
32638
38379
45914
7876
21110
26886
13643
12970
6330
9294
17292
13950
34248
31881
36769
43990
28284
44636
40659
34533
28187
28175
1604
9537
48054
28019
16430
32526
38739
17143
23651
4048
13481
29392
22445
30771
9405
15405
16168
351
27618
24726
27305
39006
27987
43327
30313
844
42559
2729
40140
48367
8870
45360
122
18155
26011
48517
40439
1159
47813
16559
44203
43956
6206
33146
25386
1438
17917
11081
42425
49536
34418
37097
3613
40242
26731
45367
31824
30277
22429
912
26761
2661
22310
44173
34124
48039
47138
41028
18681
21729
18101
42588
41964
40039
2104
30827
3673
19556
22259
14289
45541
40685
20346
6641
42273
15278
24413
33964
39864
30228
14996
46523
32434
44447
37230
22152
9125
28843
24203
13530
31745
8720
32575
41043
44180
3949
25320
45161
12056
28998
48955
40148
1118
915
1691
45231
9265
39576
31575
39332
25959
2251
44246
48457
851
34112
30765
35514
30410
18322
4212
7122
31313
27031
22451
6220
45445
41799
12037
21170
20374
3963
37365
38036
42408
28805
27692
40986
25758
29195
17830
25056
13178
34632
18237
38479
15636
22461
27327
11695
21707
10405
49605
10897
13480
26614
5588
8314
4827
48228
41929
4508
24682
17229
14043
33064
10087
44279
1908
24229
48784
47821
259
49744
46842
19939
14084
31510
3166
48485
15727
38255
43717
9390
21337
20396
28676
17291
30839
20136
13278
22729
38020
8629
10657
22517
7929
37543
14484
42521
8405
49619
22906
34569
13616
29824
19574
5482
33633
9289
42480
32153
6732
32510
4352
1945
3342
44107
36575
48852
34305
7980
25341
35332
33191
21975
30138
29698
23133
23023
34192
17169
36181
5432
43719
24355
12659
40169
7054
42645
37963
2148
25127
31426
10490
24362
29855
8246
8975
48736
4879
18619
48664
29752
42290
5694
46302
15773
33973
11833
41645
9891
38508
19893
29437
43559
24803
30113
46668
34026
34415
33471
10804
25202
3980
33078
46226
47996
12387
7283
4144
29200
45416
33945
34318
2019
43374
29105
21925
20244
44891
29778
44525
10478
21361
22993
29553
10062
47413
20965
37017
14065
8232
1221
20317
23069
9496
27768
28716
1097
8528
22332
30227
31991
3091
7645
18371
223
27647
14539
26949
23439
23770
29249
19475
11804
49570
21843
30682
13517
9664
46141
23142
35505
15819
40612
264
14680
3439
14181
11242
15779
29029
43478
32757
43720
35186
11281
1384
3399
23195
19895
27875
27353
45218
27950
4543
5844
44811
13751
26468
2676
32524
22652
14907
36246
44260
20477
43515
24486
48132
5148
19711
29548
12840
47992
18713
32396
18041
15483
23576
13817
47573
17652
21107
43505
42788
43320
22381
6324
40392
20826
22314
8915
28830
9350
44968
22710
46923
18272
22060
31833
2990
44878
15534
3792
11165
34954
26185
39660
21778
16874
21340
30033
12700
2615
42551
40073
13195
49604
47893
21821
30423
31283
20166
26123
34023
21741
32862
28073
37270
12945
12100
14984
47984
37056
38542
48862
23198
40629
29221
22433
6804
19686
1801
18732
19275
248
9991
20610
47182
24526
31620
48089
3951
17440
12472
36929
35482
36933
27751
14627
46447
22167
3262
20538
38477
6585
48858
36077
12035
8187
19105
48932
19651
47947
36159
18243
20331
19650
31793
5600
15914
44266
28449
41176
46026
4163
23452
20853
11838
6973
9507
6226
29996
39952
15452
48504
2992
46601
9471
40915
19558
19637
4569
32565
29908
35070
4241
28556
48082
8024
28642
3598
17751
3263
28325
48108
40414
24749
40492
30947
48864
46853
150
15387
33118
20973
17380
18426
14666
19091
1230
10223
11586
49851
49099
23470
41833
44151
34265
41302
23655
47219
39982
4627
18176
44233
35723
42572
8935
24250
49503
12159
47070
5028
19568
25103
30466
1677
21392
43528
47515
25573
47029
40959
1842
19967
466
39257
8844
49214
44742
42283
49666
29854
47458
48166
49096
41134
2551
15454
44157
49933
11325
33684
36960
27392
33507
48257
10391
26463
40825
46529
10364
34146
49384
43119
32191
42305
43907
26013
15508
1053
14578
41930
15046
31020
49261
33930
22614
18568
44263
42905
48552
8183
39558
7932
12983
5835
45129
29607
7488
12363
20948
11489
38647
3550
22077
37929
23723
45980
32236
29717
2081
29170
12104
18518
17247
37360
34058
5217
17526
22252
19724
34094
45248
33456
7240
16349
7045
25815
13574
34229
21613
7254
42487
28049
34714
27000
13842
31228
18745
685
11214
7948
18543
22535
485
49723
1995
11910
7151
30528
49047
7169
30828
40454
18796
37842
3967
10640
19346
12060
43304
40646
5772
2511
36664
1520
12027
45429
35630
15615
1035
45796
31968
13399
2299
5751
30284
10674
13925
48606
27517
35137
6414
433
1244
27250
23644
21041
12541
39459
44386
47124
45577
49012
37739
4471
26104
12077
25474
41745
26432
18968
11940
4405
1927
47517
47919
43558
42632
37542
13952
11678
38203
23799
30339
19106
28285
34899
10434
27293
15265
33284
18794
26925
6780
30869
15411
11712
8882
43617
36177
26622
41076
1818
26264
42642
43543
9503
39451
21690
25130
26781
33443
42796
6001
27224
30334
7921
47075
18158
45377
36015
37121
27572
49154
30586
2800
44540
49950
15114
41724
34945
619
46542
45956
14826
40797
39115
47059
29917
36393
8366
1024
48771
3154
26376
10430
30222
14240
18218
22173
32819
11274
46820
41781
24488
13461
25795
40679
11981
16612
35987
7257
9174
26625
42620
49246
18995
19744
2344
9541
11873
35061
41861
14828
1153
18865
47572
30940
19934
26510
13198
35937
10357
38906
3092
25401
42789
17089
21679
11068
28630
14367
1997
37893
2817
12294
7471
32057
39348
14842
40376
34043
25019
23227
16000
10975
7057
222
7451
29737
25691
25721
27345
26535
34389
9377
5805
19048
34455
35683
34387
18042
48998
35880
16118
31411
38052
23923
40078
20866
16531
24867
46371
11136
18222
33703
23752
48026
2886
7942
12242
27516
12982
6065
1015
43538
28477
44930
26790
8042
2308
48403
25575
42618
30659
28980
23984
43029
2492
34351
37493
18239
27942
1160
49800
34906
9715
49152
12896
23494
48448
1586
31792
29673
9142
8476
45443
7597
21523
34592
22625
44011
15954
14841
16524
12633
29702
10892
29977
45402
309
19569
37358
25637
46314
34219
30801
42259
30199
3604
29450
34920
23873
42977
48916
49289
34983
10929
3304
9224
32694
5292
48961
15392
49248
34718
43959
29066
14914
16164
5662
34613
10192
43215
410
47407
46541
47733
28279
27321
42819
15792
44208
7519
13893
47107
26558
19782
1616
13628
45706
13803
17066
33160
43061
994
9246
8408
41897
10190
11716
31982
9250
11604
5511
24336
29867
4770
8247
38343
29846
28255
42064
39629
23184
33936
33327
32266
856
33344
35682
4309
45061
45373
47342
33301
43395
26222
4296
43674
20750
16105
39904
45471
43787
49985
11266
22026
7458
525
3118
48512
23953
40584
46283
38658
440
26365
6542
5776
13368
24622
40924
1414
49326
39155
40896
16542
19959
1587
25995
4533
45547
48935
21614
9190
7026
21048
35177
17845
44067
39638
49045
43511
41958
31541
7734
36981
44791
47688
6623
20245
27132
34116
32664
42972
16334
48617
7215
26040
32243
39571
31826
6608
29183
43638
34909
3898
16983
29141
45156
34758
39612
35777
987
19482
48091
19987
44170
34113
9210
18743
6164
47610
22413
30774
28904
26987
19246
25337
43517
22790
1213
32099
3309
4175
49638
35205
12269
45608
3176
24178
11690
49223
29573
34615
7400
27685
31434
7357
37319
24150
30756
2519
9601
34416
17056
40164
2257
34908
39466
47850
10530
49546
30143
17748
19925
35071
18906
17849
22425
21444
37515
42456
7883
13766
23268
14241
11222
44097
38072
36839
41143
10163
32846
26524
43244
13730
5882
41044
20515
47121
10926
21692
23513
871
925
18710
35365
19119
27063
44077
26165
25568
45286
43131
3481
45290
48563
18765
49563
20901
24671
48445
10373
28301
48785
4602
40817
14574
41074
8385
4101
4892
12345
23871
26676
48177
13012
36240
25784
18630
27193
26529
13945
38234
20229
21372
16266
45745
15273
14540
41113
7408
4673
14498
35965
10593
25561
34635
40898
417
45227
39042
18186
8782
5125
34323
30745
7236
20863
16619
32808
5164
10093
20322
49459
49702
573
8486
9868
22498
17634
7626
43971
16029
19859
46586
12861
19838
46100
30812
24700
47030
36716
23939
3590
49062
36108
46840
6684
18122
49412
39720
95
27793
45353
41849
30239
34162
805
3576
6707
18298
20271
23137
2986
41253
49202
49527
40588
12336
25884
29315
23066
14700
16893
34622
39168
22637
15038
46463
17989
45731
44774
41081
40179
25582
211
28013
48772
26076
19146
21354
49176
35053
26325
33427
40910
12518
6919
781
32905
38382
11517
24795
24970
18679
41487
11126
9975
29244
4023
34649
39945
38977
13040
38817
43207
29956
12034
42258
21295
30733
25958
49878
37311
15249
45964
3987
40814
41293
48795
42416
32168
20701
30026
33931
45287
17416
43829
29453
34106
27116
8176
5564
36457
21903
22262
8013
18457
36210
2327
27703
33425
47532
43140
17913
48870
25720
30095
217
25332
2959
4658
35756
17185
42177
2225
6282
23831
39562
9278
36947
12346
34328
38715
35986
43630
36806
21278
41276
23237
40565
38304
23910
35939
39240
34849
27573
31635
156
6209
39424
42886
27498
4558
43502
34317
20080
36997
30111
26879
33422
27021
30560
34286
10596
3277
16821
39145
25351
10801
15193
48834
7295
23889
13942
14421
6096
42069
22839
42885
35724
24688
32671
22545
23313
37615
4090
26935
2307
9581
37473
36163
39678
28953
18361
7824
9248
28603
19172
21273
43241
36115
27368
1670
21573
22672
17950
36038
17593
7422
13009
36338
5966
21528
35116
39511
42198
43096
12437
19580
44064
30242
45911
11643
48487
45868
7002
30367
43799
40867
35449
39610
10144
35122
45315
41631
920
29446
9330
33768
43435
11449
11209
47865
8906
15348
18309
36977
1008
18167
6289
42959
45628
48466
1760
49221
24231
19814
37900
24798
9108
49765
33037
30487
25221
27698
21686
46676
9894
36374
10476
9528
27256
17105
3786
12777
43280
13668
12787
42540
3381
45403
48674
46088
24702
15128
42226
599
44393
12701
17851
36805
22941
35668
41096
1462
29477
27107
38027
35781
37857
24635
34472
403
2977
31672
49276
40604
23321
41823
4356
25430
11111
14816
3654
1562
41882
40974
25405
30231
20516
37474
35709
11507
36775
9173
49573
32516
28105
13522
9096
31546
26148
8335
30214
34289
14177
32247
33679
1505
20860
16373
42358
31421
20764
19698
3504
23779
21882
45
38082
32000
35056
28956
7437
47098
350
31395
23401
17840
29344
29676
1155
19218
2378
17729
7866
29513
22980
34842
40749
32986
36488
9578
35802
37623
40081
27476
13599
27032
20459
37361
4264
43831
33159
13886
3322
47303
31085
21559
46519
11883
12280
4567
3470
42684
43629
46743
49642
21743
37448
24189
38767
42483
32621
235
2606
6837
44770
12278
36671
7177
44430
29063
15912
5364
45001
4721
19012
37380
45473
32756
33893
38955
18878
680
37193
30563
44651
21851
46729
7951
23810
13033
4293
7834
26709
26375
43781
13080
5984
42252
1202
17821
37897
14277
4297
27268
25041
11483
9485
11123
33108
49918
12820
19150
13041
13376
23360
48607
21724
310
1526
28267
24876
22415
33860
13697
17401
43849
23205
8185
49083
13840
11098
11077
4924
9322
30517
38505
14292
36080
31671
246
38529
26677
5649
38825
39662
10224
27568
30383
48265
28958
21734
26207
6961
23323
9240
38201
43792
42918
43028
40903
46297
7066
17736
40210
46740
39412
21689
31369
26624
16392
48797
32336
24496
14837
18253
39670
31115
45524
42623
31047
33906
26027
1417
10305
42847
3114
19597
9690
900
21240
1559
3883
33548
9395
14736
32363
48810
32142
17037
5296
6556
34420
5946
33092
42701
28795
10931
6094
24282
23607
23828
38723
12550
11318
45585
49235
32287
12412
42262
26139
46126
18566
49196
30580
9686
2715
14887
36347
19207
19016
49934
24944
37659
37404
41114
34599
15602
16715
16541
41158
35838
46373
35613
19461
1083
38028
9822
4826
17116
27911
9546
898
2253
32004
23475
22319
44419
35143
23174
20119
47956
23120
9338
35787
7562
39212
11286
6392
48711
30021
11293
1749
29470
15031
17522
49211
13705
30007
39941
16292
45464
17397
26099
46948
5355
13756
28946
42199
36680
30915
25406
39260
49761
5128
33239
622
45013
32698
12687
8441
30164
27300
1290
21935
35776
44052
18686
45467
2608
20043
17103
8444
49346
12353
4217
35961
5627
49442
40252
38900
2193
4431
41821
2896
37513
24117
44946
32850
18277
3358
17078
16797
17986
13563
26958
7124
3471
15059
13854
12391
35439
4825
3244
21591
24596
18119
14877
1466
290
25499
36843
46894
34614
33049
24936
41878
1095
37134
16762
45861
10304
47189
15604
14584
26371
37544
814
3367
20958
14011
48213
8938
21538
9693
10145
20873
40785
38117
15033
7316
40345
29841
32880
46176
37163
17420
25856
9785
22560
10694
44278
33493
46334
12214
15987
7922
48317
17426
7971
42592
28578
47248
46778
27003
15142
4108
18250
29754
12762
8275
46819
8586
20558
8986
10117
4762
26085
24915
21955
38986
31764
35431
31466
31667
13013
47048
24190
30414
42365
48902
38426
32734
48626
42253
30120
17358
3649
9032
49449
44509
11160
25774
39684
23901
20214
1609
37940
16317
44776
2552
5282
49267
2946
32703
10808
92
42802
42947
30952
37588
8066
38164
42041
26695
44671
15683
10127
20183
18915
7242
45948
45739
35825
31980
47896
49644
30489
40725
44435
11432
14374
39635
42519
16767
32938
19403
1265
5252
4077
41374
5118
39609
394
23114
29914
16073
45603
18000
9767
8774
49369
45799
7807
39275
29189
6353
8397
19300
45122
34315
23893
16903
40437
31721
45333
17126
45157
23817
7095
36418
7838
17439
43277
21386
36654
6335
15419
6242
43379
10969
31754
10699
8835
45298
22291
35325
11850
41310
28730
21819
39061
24866
8169
34543
43979
16662
49812
18489
10216
6428
10228
11742
16632
3630
42624
40946
21280
36873
18181
36827
10712
18347
44905
7790
18807
27831
1380
11074
21820
939
2233
28514
15445
17616
14966
12588
6563
37456
30777
12334
11689
3730
40561
16668
44977
11195
16415
39398
43062
11723
2136
24767
49601
169
46246
17457
47023
38243
17524
23051
693
30171
5226
37631
2515
31566
40402
37795
33231
29335
40300
18379
40662
40542
24917
29558
11065
43102
1461
28690
47083
19632
22101
24168
44088
29460
6395
35611
41354
25824
14654
10238
43825
37457
18714
41353
20453
44534
46032
37883
2188
34810
48123
29922
22766
2819
22896
2532
18263
19036
31978
46449
47153
7243
45423
9274
30506
21709
27163
4195
1567
24522
49990
33957
18275
40156
40025
20475
15101
24664
32626
26377
13179
26801
8221
15575
38831
11571
27374
23809
24118
37552
45381
39249
28192
9081
21127
34854
37724
13708
36570
13891
16434
42028
6231
16239
49190
29845
992
18799
14829
8440
41141
23371
30688
7185
31240
1636
30954
28273
3413
16411
866
21725
17781
46482
41765
39391
42876
19552
3846
32724
563
13774
29757
16901
7874
6635
49694
934
29281
8244
31373
1745
31887
29387
15104
17080
43318
5814
28326
13658
35194
21527
11192
29394
29224
48359
18661
35448
10773
43482
34546
46763
15254
49046
40381
33510
17441
7154
26932
16017
45555
23233
26471
26090
18564
32786
4397
3283
47206
34746
17233
22427
43727
45425
45764
10722
14176
13559
5423
37590
47958
43417
22689
5691
1993
9610
18235
30249
16741
33487
35921
42591
20943
24911
9020
10978
35338
9738
18857
6120
38089
13684
5682
40445
23456
23990
4246
42217
16698
729
21965
10731
23774
44812
47792
3574
43590
42976
10617
49136
29061
7563
46539
21637
14822
11849
32085
39523
23793
20993
47459
42806
3207
43585
39055
37053
23743
42597
49251
35051
8691
45721
20649
11492
49309
36687
13968
49184
47880
38524
23773
27973
11602
27499
9413
13884
20652
53
18057
41052
7138
43342
32827
16431
39029
46263
43292
616
14258
37342
30700
12402
19757
31182
49607
15063
18536
34851
47284
44753
12898
10856
20911
25166
3638
18873
26374
8128
19422
40135
47467
36410
30627
28647
19158
47870
12466
31305
9291
35096
9243
47065
25294
7358
2474
7075
26439
15389
12679
37733
44495
4522
16697
22021
12768
23370
8214
23480
44662
47755
18590
7613
13635
39429
47906
45610
49681
12979
1950
38826
19381
22827
6159
31725
10895
29635
376
43142
12026
27761
24685
4370
14546
14802
30300
40472
48948
7375
15884
28850
791
36701
30716
12584
42672
4238
15167
166
32392
38944
42478
17925
34830
25107
31323
28352
20339
32785
33693
17873
26248
47597
31788
41465
10399
21155
3111
41714
28658
5356
33634
19057
18225
49323
23447
9449
9862
40737
1572
7068
21546
37055
12705
43310
30974
47700
7014
21056
16722
41290
32579
18187
47502
34593
36808
20817
19842
332
26197
49748
24969
39248
46275
41537
19070
35499
23234
28897
767
49827
21264
4779
41101
13029
16805
21649
20634
17125
49204
49960
49194
41674
15512
46777
18885
4290
6297
8392
11897
17700
46949
42399
22009
35214
11289
36444
33830
5977
39247
48829
26759
458
28667
8626
34086
12302
21823
4468
41123
14042
14105
33586
41467
21183
33243
35312
43542
2443
38444
48469
24319
35942
19907
2706
48400
3803
27990
2180
8927
35780
4454
26844
17540
37170
35487
12168
17193
45025
36527
31604
16600
37023
49908
31156
26727
26299
43673
272
28005
461
39374
42922
3850
41530
13688
41812
4621
11439
27506
17743
46841
43733
560
22932
34342
40758
26979
21549
35637
7516
31028
11708
26690
31537
45570
4912
14099
13879
22202
9216
49863
3327
45720
25486
43305
4280
9532
3738
47205
10838
6950
10564
19351
18787
7046
15526
4230
12843
32752
7642
45083
4501
20105
3661
48600
15297
5836
28851
25551
45233
18184
21610
12024
215
39876
23244
48099
11815
5344
44029
34448
28155
42328
31051
6115
4394
6460
618
11979
17948
2351
39303
41569
9842
45790
25850
42858
14441
17692
26289
43822
15141
31871
178
12734
25447
860
40528
47310
30381
30351
32965
26777
1376
45452
40346
1312
1463
21350
24509
15138
13742
20774
30190
3408
28653
48800
35817
5433
26058
5730
41207
36519
45501
24200
5660
32763
49699
6619
22008
11392
31617
1750
29701
24456
13890
36516
16554
25477
26694
10843
15424
49372
2089
33912
12038
7105
21306
39729
10023
43084
25951
48582
24329
1193
12130
3038
8693
16313
40632
9219
36243
49382
4780
34673
24480
31152
45859
35565
5771
16591
48209
34555
45476
2698
4604
39740
44461
34967
13421
46830
9521
2529
3718
24559
47633
7738
42525
35468
1729
49870
19506
1404
41373
29738
32421
33090
4648
39987
42851
48040
42288
4188
31258
10820
23825
19010
32027
25888
7543
28357
9998
3874
20661
35167
10249
43500
5225
18095
33658
31752
19397
39004
531
23156
40776
47481
44637
11935
33853
19481
14372
19773
42004
46056
48460
11909
9939
36263
1561
26184
43015
14483
47430
11359
43499
6503
15498
10664
20840
27034
30551
35307
25038
34064
22121
23272
49594
30481
1370
47358
36438
6423
41560
3323
49734
45925
41522
45066
9165
25259
26921
31870
7436
30785
16521
12445
22290
27624
45915
24252
7604
23663
25672
28027
24895
899
44541
14823
5234
41296
4655
8733
11709
43763
11748
6604
32458
29416
25156
5298
18453
8245
2210
4964
10054
13383
7282
1576
36455
30870
26953
42022
25055
42510
11923
41300
45142
1300
9501
48631
19416
11193
46465
6729
3762
30415
17346
4688
24557
34578
25505
14114
18029
392
15989
7450
11273
13958
10656
2318
24581
28300
4691
15044
48011
48488
48524
19990
27171
778
37837
30076
25783
24310
45350
6098
17280
27394
19434
28415
1386
16711
31731
29301
33638
14852
33235
5141
13835
38820
1232
523
16155
9592
17760
32496
14850
7721
8897
5000
41959
26239
47632
44779
7405
13555
36862
30744
17306
24425
16235
40605
19456
16194
34862
30219
18535
32530
2255
23665
24475
37957
24748
39704
81
40358
24358
31884
48008
17273
42284
32777
45055
43882
40934
49189
20684
45559
33418
32807
16890
9957
39194
30969
26561
43587
33147
45988
25005
28524
46984
20714
20133
21443
49785
46098
39075
28754
12127
42324
44911
10578
19715
1009
34855
3514
42865
38963
7643
30318
17259
20544
13134
3099
43105
40056
42395
1865
4024
4272
26715
43608
27749
8304
9470
10015
10524
34122
39734
6345
16180
18850
21535
47412
42465
33899
47905
38917
40628
3906
20917
40237
33202
15786
2230
15639
26336
9582
28608
15776
13375
25497
5480
10367
14070
7280
26569
44727
27575
38538
32983
22481
29208
36602
8348
42428
11761
5917
43088
30061
40142
14733
33603
46745
33578
17314
22956
4712
9563
40333
39659
25025
2648
29876
45340
2533
38129
6658
5646
38677
3616
13870
3713
16634
43263
22285
29397
22610
34788
1471
7037
31981
36545
33677
18946
21617
28363
4799
31999
17275
12115
7015
8452
29741
33561
9863
46087
43690
42452
19620
34715
37154
30497
38744
12941
4314
49425
47732
36649
48731
9385
6572
36078
20050
470
5088
34946
32569
11905
2639
740
7915
35313
13999
47675
22109
10425
16784
1721
9255
17301
10055
35658
37692
8898
47383
44103
31567
45062
20892
49791
39782
44482
40812
29576
19609
16900
44002
47987
44483
13619
7635
9985
44321
33852
38937
30636
29565
42888
22550
31901
37209
4727
9659
39768
28687
29640
21230
48684
22232
7071
5274
28179
40971
13595
14054
36721
30296
13165
32561
6554
48463
31154
39519
30732
23879
12725
19363
18958
25032
3120
26898
38136
25284
11323
1413
16526
46466
13915
10881
30445
14137
25388
8126
15983
44019
38632
43755
25869
98
8004
34850
37502
10941
